Air temperature,Relative humidity,Daily solar radiation - horizontal,Atmospheric pressure,Earth temperature,Elevation,Heating design temperature,Cooling design temperature,Earth temperature amplitude,Frost days at site,Monthly Wind power density,Power Law Index (PLI),Energy Pattern Factor,Air Density,Standard Deviation,Mean monthly wind speed
23.9,0.54,5.06,97.2,27.1,366,18.74,35.96,16.12,0,21,0.24,1.4,1.123,1.42,2.7
26.5,0.459,5.79,97,31.1,366,18.74,35.96,16.12,0,52,0.19,1.4,1.113,1.82,3.8
29.7,0.402,6.34,96.8,35.4,366,18.74,35.96,16.12,0,27,0.24,1.3,1.099,1.61,2.9
29.9,0.518,6.48,96.6,34.7,366,18.74,35.96,16.12,0,72,0.19,1.9,1.086,2.34,3.9
31.1,0.501,6.13,96.3,35,366,18.74,35.96,16.12,0,117,0.17,1.7,1.084,2.58,4.9
28.6,0.636,4.97,96.2,30.8,366,18.74,35.96,16.12,0,249,0.16,1.2,1.091,2.17,7.1
27.5,0.667,4.42,96.3,29.4,366,18.74,35.96,16.12,0,264,0.16,1.3,1.098,2.58,7
27.3,0.662,4.36,96.4,29.2,366,18.74,35.96,16.12,0,164,0.17,1.5,1.099,2.55,5.7
27.2,0.662,4.59,96.6,29.2,366,18.74,35.96,16.12,0,102,0.21,1.6,1.101,2.33,4.8
25.8,0.672,4.72,96.8,27.7,366,18.74,35.96,16.12,0,41,0.26,2.4,1.107,2.03,3
24.6,0.579,4.74,97.1,26.6,366,18.74,35.96,16.12,0,22,0.26,1.7,1.119,1.48,2.7
23.6,0.531,4.7,97.3,25.9,366,18.74,35.96,16.12,0,27,0.24,1.6,1.126,1.6,2.9
22.7,0.571,5.35,94,26.3,651,16.96,33.48,16.13,0,23,0.39,1.5,1.098,1.25,3.1
25.6,0.454,6.13,93.9,30.6,651,16.96,33.48,16.13,0,56,0.28,1.7,1.088,1.84,4
28.5,0.398,6.61,93.7,34.5,651,16.96,33.48,16.13,0,23,0.38,1.8,1.077,1.43,2.9
28.4,0.538,6.53,93.6,33.5,651,16.96,33.48,16.13,0,58,0.24,1.9,1.07,2.02,3.9
27.4,0.616,6.12,93.4,31.1,651,16.96,33.48,16.13,0,76,0.18,1.6,1.072,2.01,4.4
25.2,0.706,5.03,93.4,27.7,651,16.96,33.48,16.13,0,94,0.37,1.3,1.08,1.58,5.2
24.5,0.725,4.55,93.4,26.7,651,16.96,33.48,16.13,0,240,0.23,1.4,1.085,2.37,6.9
24.6,0.711,4.61,93.5,27.3,651,16.96,33.48,16.13,0,125,0.16,1.6,1.086,2.32,5.2
25.1,0.671,4.96,93.6,28.5,651,16.96,33.48,16.13,0,77,0.17,1.7,1.085,2.15,4.4
24.4,0.682,4.62,93.7,26.8,651,16.96,33.48,16.13,0,19,0.23,1.8,1.088,1.37,2.7
22.9,0.666,4.53,93.9,25.1,651,16.96,33.48,16.13,0,36,0.08,1.4,1.094,1.38,3.6
22,0.632,4.76,94,24.6,651,16.96,33.48,16.13,0,29,0.35,1.5,1.1,1.34,3.3
23.9,0.54,5.06,97.2,27.1,366,18.74,35.96,16.12,0,29,0.27,1.3,1.123,0.53,3.3
26.5,0.459,5.79,97,31.1,366,18.74,35.96,16.12,0,22,0.3,1.3,1.113,0.59,3
29.7,0.402,6.34,96.8,35.4,366,18.74,35.96,16.12,0,30,0.24,1.5,1.099,0.59,3.2
29.9,0.518,6.48,96.6,34.7,366,18.74,35.96,16.12,0,34,0.24,1.4,1.086,0.59,3.4
31.1,0.501,6.13,96.3,35,366,18.74,35.96,16.12,0,93,0.21,1.7,1.084,0.43,4.5
28.6,0.636,4.97,96.2,30.8,366,18.74,35.96,16.12,0,140,0.17,1.3,1.091,1.14,5.8
27.5,0.667,4.42,96.3,29.4,366,18.74,35.96,16.12,0,137,0.18,1.2,1.098,0.84,5.8
27.3,0.662,4.36,96.4,29.2,366,18.74,35.96,16.12,0,89,0.2,1.5,1.099,0.97,4.7
27.2,0.662,4.59,96.6,29.2,366,18.74,35.96,16.12,0,80,0.22,1.8,1.101,0.79,4.2
25.8,0.672,4.72,96.8,27.7,366,18.74,35.96,16.12,0,21,0.28,1.6,1.107,0.49,2.8
24.6,0.579,4.74,97.1,26.6,366,18.74,35.96,16.12,0,14,0.33,1.2,1.119,0.75,3.2
23.6,0.531,4.7,97.3,25.9,366,18.74,35.96,16.12,0,17,0.33,1.3,1.126,0.69,2.7
22.4,0.624,4.83,98.7,24.1,245,17,32.83,13.75,0,32,0,2.9,1.163,1.52,2.8
24.4,0.609,5.62,98.5,27.3,245,17,32.83,13.75,0,61,0.04,1.8,1.15,0.8,4
27.1,0.571,6.14,98.3,31.4,245,17,32.83,13.75,0,75,0.03,2.1,1.136,1.99,4.1
27.4,0.672,6.5,98,31,245,17,32.83,13.75,0,52,0.18,2.2,1.127,1.94,3.5
28.5,0.705,6.06,97.7,31.3,245,17,32.83,13.75,0,38,0.18,2.2,1.12,1.29,2.9
28.1,0.756,4.41,97.5,29.3,245,17,32.83,13.75,0,69,0.18,1.5,1.128,2.26,3.3
26.9,0.797,3.8,97.5,27.5,245,17,32.83,13.75,0,160,0.11,1.8,1.139,2.6,5.6
26.6,0.793,3.83,97.6,27.2,245,17,32.83,13.75,0,38,0.23,3.4,1.14,2,2.6
26.3,0.798,4.16,97.9,27.1,245,17,32.83,13.75,0,69,0.24,2.7,1.14,2.52,3.4
25,0.781,4.44,98.2,25.5,245,17,32.83,13.75,0,71,0.12,2.7,1.146,1.73,3.7
23.6,0.677,4.55,98.5,24,245,17,32.83,13.75,0,52,0.09,2.4,1.158,1.93,3.3
22.4,0.606,4.56,98.7,23.2,245,17,32.83,13.75,0,12,0,3,1.165,0.76,2.1
23.4,0.47,4.98,96.9,26.3,390,17.57,37.04,17,0,25,0.35,1.7,1.117,1.61,3.7
26.1,0.405,5.78,96.8,30.2,390,17.57,37.04,17,0,28,0.29,2.1,1.107,1.73,3.5
30.1,0.349,6.39,96.5,35.7,390,17.57,37.04,17,0,37,0.25,1.9,1.093,1.86,4
31.1,0.419,6.66,96.3,36.7,390,17.57,37.04,17,0,46,0.21,2,1.08,2.05,4
32.8,0.4,6.48,96,37.8,390,17.57,37.04,17,0,81,0.18,1.8,1.078,2.43,4.9
29.2,0.616,4.83,95.9,31.9,390,17.57,37.04,17,0,190,0.13,1.5,1.085,2.6,6.9
27,0.709,4.19,96,28.6,390,17.57,37.04,17,0,330,0.11,1.2,1.092,2.15,8.8
26.6,0.708,4.05,96.1,27.9,390,17.57,37.04,17,0,306,0.12,1.3,1.093,2.42,8.3
26.9,0.674,4.67,96.3,28.6,390,17.57,37.04,17,0,310,0.2,1.7,1.095,2.23,4.8
26.2,0.6,5,96.6,28.1,390,17.57,37.04,17,0,310,0.21,1.9,1.101,2,3.3
24.6,0.485,4.91,96.9,26.6,390,17.57,37.04,17,0,320,0.23,2,1.113,2.12,3.2
22.9,0.45,4.72,97,25,390,17.57,37.04,17,0,21,0.33,1.8,1.12,1.52,3.4
24.3,0.562,5.1,97.6,27.6,327,19.09,36.04,15.57,0,24,0.35,1.5,1.119,1.23,3.1
26.9,0.466,5.85,97.5,31.5,327,19.09,36.04,15.57,0,40,0.31,1.4,1.107,1.36,3.7
30,0.404,6.35,97.2,35.4,327,19.09,36.04,15.57,0,21,0.34,1.6,1.094,1.25,2.9
30.1,0.519,6.55,97,34.8,327,19.09,36.04,15.57,0,42,0.28,1.8,1.085,1.74,3.5
31,0.523,6.15,96.8,34.5,327,19.09,36.04,15.57,0,53,0.26,1.6,1.085,1.74,3.9
28.7,0.63,4.96,96.7,30.9,327,19.09,36.04,15.57,0,117,0.25,1.2,1.094,1.49,5.6
27.8,0.65,4.35,96.8,29.7,327,19.09,36.04,15.57,0,157,0.25,1.3,1.1,2.08,6
27.8,0.641,4.41,96.9,30,327,19.09,36.04,15.57,0,88,0.26,1.5,1.102,1.97,4.7
27.7,0.643,4.64,97,30,327,19.09,36.04,15.57,0,52,0.32,1.7,1.103,1.83,3.8
26.1,0.681,4.51,97.2,28,327,19.09,36.04,15.57,0,13,0.43,2.1,1.106,1.3,2.2
24.8,0.628,4.6,97.5,26.7,327,19.09,36.04,15.57,0,12,0.44,1.5,1.115,1,2.4
24,0.582,4.67,97.7,26.2,327,19.09,36.04,15.57,0,13,0.44,1.5,1.121,1.05,2.5
24.8,0.644,4.9,100.7,26.8,59,21.74,33.96,8.94,0,18,0.39,1.9,1.18,1.4,2.4
26.1,0.627,5.83,100.6,29.1,59,21.74,33.96,8.94,0,26,0.34,1.9,1.172,1.61,2.7
27.9,0.602,6.56,100.3,31.6,59,21.74,33.96,8.94,0,34,0.33,1.7,1.162,1.7,3.1
28.6,0.677,6.75,100.1,32,59,21.74,33.96,8.94,0,54,0.25,2,1.149,2.08,3.4
30.2,0.657,6.26,99.8,32.6,59,21.74,33.96,8.94,0,53,0.24,1.8,1.134,1.91,3.7
30.2,0.657,5.12,99.6,31.2,59,21.74,33.96,8.94,0,156,0.16,1.8,1.132,2.76,5.3
29.4,0.675,4.48,99.7,30.3,59,21.74,33.96,8.94,0,262,0.14,1.6,1.143,3.03,6.5
29.4,0.67,4.59,99.8,30.4,59,21.74,33.96,8.94,0,254,0.19,1.7,1.144,3.12,6.3
28.5,0.717,4.85,100,29.9,59,21.74,33.96,8.94,0,51,0.21,2,1.148,2.05,3.4
27.1,0.75,4.36,100.2,28.2,59,21.74,33.96,8.94,0,25,0.21,2.1,1.158,1.65,2.6
26.2,0.683,4.35,100.5,26.9,59,21.74,33.96,8.94,0,44,0.16,2,1.172,1.95,3.2
25.3,0.627,4.44,100.8,26.3,59,21.74,33.96,8.94,0,31,0.23,1.9,1.18,1.7,2.9
24,0.583,5.2,97.1,27.3,374,18.87,35.52,15.28,0,42,0.25,1.7,1.141,0.9,3.5
26.7,0.48,6.07,96.9,31.3,374,18.87,35.52,15.28,0,32,0.27,2,1.131,0.8,3.1
29.5,0.419,6.49,96.7,34.9,374,18.87,35.52,15.28,0,49,0.24,2,1.117,0.86,3.5
29.8,0.529,6.63,96.5,34.6,374,18.87,35.52,15.28,0,41,0.22,2.2,1.104,0.96,3.2
30.2,0.552,6.21,96.3,33.9,374,18.87,35.52,15.28,0,39,0.14,1.9,1.102,0.22,3.4
28.3,0.629,5.14,96.2,30.6,374,18.87,35.52,15.28,0,73,0.14,1.6,1.109,0.57,4.4
27.5,0.647,4.57,96.3,29.6,374,18.87,35.52,15.28,0,124,0.14,1.2,1.116,0.88,5.6
27.5,0.638,4.65,96.4,30,374,18.87,35.52,15.28,0,97,0.14,1.5,1.117,1,4.9
27.5,0.637,4.91,96.5,30.1,374,18.87,35.52,15.28,0,18,0.14,1.8,1.119,0.53,2.6
25.9,0.689,4.52,96.7,28,374,18.87,35.52,15.28,0,23,0.29,1.8,1.125,0.61,2.8
24.4,0.672,4.46,97,26.3,374,18.87,35.52,15.28,0,30,0.25,1.6,1.137,0.92,3.2
23.6,0.628,4.59,97.2,25.8,374,18.87,35.52,15.28,0,43,0.24,1.4,1.144,0.83,3.7
23.1,0.62,5.22,96.1,26,466,17.96,34.26,14.84,0,20,0.32,2.1,1.153,1.5,2.4
25.6,0.52,6.03,95.9,30,466,17.96,34.26,14.84,0,21,0.27,2.2,1.143,1.53,2.5
28.1,0.469,6.43,95.8,33.4,466,17.96,34.26,14.84,0,35,0.25,2.1,1.129,1.85,2.9
28.4,0.578,6.45,95.6,33.1,466,17.96,34.26,14.84,0,22,0.31,2.3,1.116,1.6,2.4
28.9,0.592,6.09,95.4,32.7,466,17.96,34.26,14.84,0,59,0.24,2.1,1.114,2.3,3.5
27.5,0.635,5.18,95.3,29.9,466,17.96,34.26,14.84,0,176,0.17,1.7,1.121,2.91,5.5
26.8,0.656,4.65,95.4,28.8,466,17.96,34.26,14.84,0,318,0.13,1.3,1.128,2.55,7.5
26.9,0.644,4.75,95.4,29.4,466,17.96,34.26,14.84,0,247,0.13,1.6,1.129,3.02,6.3
26.9,0.644,4.96,95.5,29.6,466,17.96,34.26,14.84,0,40,0.17,2.3,1.131,1.96,3.1
25.2,0.711,4.48,95.7,27.1,466,17.96,34.26,14.84,0,14,0.27,2.3,1.137,1.35,2.1
23.4,0.72,4.33,96,25,466,17.96,34.26,14.84,0,16,0.28,2.3,1.149,1.41,2.2
22.6,0.677,4.55,96.1,24.4,466,17.96,34.26,14.84,0,22,0.31,2.1,1.156,1.59,2.5
24,0.538,4.8,99.1,26.2,197,18.17,34.74,14.61,0,31,0.33,1.4,1.125,1.2,3.4
26,0.526,5.58,99,29.7,197,18.17,34.74,14.61,0,45,0.28,1.4,1.113,1.44,3.8
28.4,0.508,6.28,98.7,33.5,197,18.17,34.74,14.61,0,36,0.31,1.6,1.099,1.46,3.5
28.6,0.625,6.61,98.5,32.9,197,18.17,34.74,14.61,0,44,0.24,1.6,1.088,1.61,3.7
30.5,0.595,6.21,98.2,34.2,197,18.17,34.74,14.61,0,88,0.22,1.9,1.087,2.27,4.4
29.4,0.675,4.69,98,31.1,197,18.17,34.74,14.61,0,199,0.17,1.3,1.097,2.2,6.5
27.9,0.725,4.05,98.1,29,197,18.17,34.74,14.61,0,226,0.18,1.3,1.103,2.33,6.8
27.6,0.727,3.94,98.2,28.4,197,18.17,34.74,14.61,0,155,0.19,1.6,1.105,2.42,5.6
27.2,0.736,4.49,98.4,28.2,197,18.17,34.74,14.61,0,51,0.23,1.9,1.106,1.97,3.7
25.9,0.717,4.63,98.7,26.6,197,18.17,34.74,14.61,0,25,0.3,1.9,1.111,1.49,2.9
24.7,0.577,4.79,99,25.6,197,18.17,34.74,14.61,0,22,0.29,1.5,1.121,1.24,3
23.5,0.514,4.64,99.2,24.8,197,18.17,34.74,14.61,0,30,0.31,1.3,1.128,1.14,3.4
24,0.527,5.26,95.5,27.9,514,18.43,35.13,16.35,0,28,0.1,1.3,1.118,1.07,3.3
27,0.411,6.11,95.3,32.2,514,18.43,35.13,16.35,0,42,0.09,1.5,1.106,1.49,3.7
30.1,0.358,6.54,95.2,36,514,18.43,35.13,16.35,0,37,0.15,1.4,1.092,1.28,3.7
30,0.487,6.55,95,35.3,514,18.43,35.13,16.35,0,90,0.12,1.7,1.081,2.11,4.6
29.1,0.559,6.2,94.8,32.7,514,18.43,35.13,16.35,0,131,0.07,1.6,1.08,2.3,5.4
26.5,0.678,5.14,94.8,29,514,18.43,35.13,16.35,0,305,0.07,1.3,1.09,2.22,7.7
25.8,0.693,4.67,94.9,28.1,514,18.43,35.13,16.35,0,388,0.07,1.3,1.096,2.54,8.2
25.8,0.682,4.71,94.9,28.6,514,18.43,35.13,16.35,0,217,0.1,1.4,1.097,2.44,6.5
26.2,0.651,5,95,29.4,514,18.43,35.13,16.35,0,120,0.11,1.5,1.099,2.21,5.2
25.5,0.652,4.67,95.2,28.1,514,18.43,35.13,16.35,0,33,0.1,1.7,1.104,1.54,3.3
24.2,0.615,4.6,95.4,26.9,514,18.43,35.13,16.35,0,22,0.17,1.2,1.114,0.88,3.2
23.3,0.577,4.75,95.6,26.3,514,18.43,35.13,16.35,0,23,0.13,1.3,1.121,0.96,3.2
21.7,0.354,4.24,101.2,23.9,29,17.09,34.78,14.75,0,36,0.28,2.4,1.208,2.03,2.7
23.3,0.364,4.95,101,26.2,29,17.09,34.78,14.75,0,45,0.14,2.1,1.194,2,3
27,0.396,5.67,100.8,30.7,29,17.09,34.78,14.75,0,49,0.21,1.8,1.17,1.98,3.4
29.1,0.463,6.31,100.5,33.4,29,17.09,34.78,14.75,0,63,0.18,1.5,1.152,1.85,4
30.2,0.562,6.47,100.1,33.9,29,17.09,34.78,14.75,0,230,0.13,1.7,1.14,2.63,6.2
29.9,0.666,6.18,99.7,33,29,17.09,34.78,14.75,0,181,0.13,1.2,1.136,1.8,6.4
28.8,0.738,5.24,99.7,31,29,17.09,34.78,14.75,0,192,0.13,1.3,1.144,2.04,6.4
28.1,0.735,4.96,99.9,30.3,29,17.09,34.78,14.75,0,112,0.13,1.2,1.151,1.58,5.4
28.6,0.635,5.28,100.3,31.7,29,17.09,34.78,14.75,0,86,0.15,1.3,1.155,1.71,4.7
29.5,0.452,4.94,100.7,32.5,29,17.09,34.78,14.75,0,17,0.24,1.9,1.16,1.39,2.3
27.1,0.333,4.33,101,29.4,29,17.09,34.78,14.75,0,16,0.23,1.7,1.182,1.33,2.4
23.5,0.332,3.99,101.2,25.2,29,17.09,34.78,14.75,0,25,0.28,1.8,1.202,1.58,2.8
22.8,0.33,4.65,100.5,25.1,76,17.13,37.52,20.01,0,31,0.37,2.8,1.186,1.89,2.6
24.7,0.29,5.28,100.4,28.1,76,17.13,37.52,20.01,0,38,0.34,2,1.174,1.76,3.2
29.4,0.256,6.14,100.1,34.2,76,17.13,37.52,20.01,0,71,0.23,1.7,1.154,2,4.2
32.1,0.293,6.61,99.8,38.2,76,17.13,37.52,20.01,0,132,0.17,1.5,1.137,2.22,5.3
32.6,0.414,6.63,99.6,38.3,76,17.13,37.52,20.01,0,131,0.14,1.4,1.124,1.99,5.5
30.2,0.639,5.7,99.3,33.6,76,17.13,37.52,20.01,0,264,0.09,1.3,1.122,2.29,7.1
28,0.77,4.52,99.3,29.6,76,17.13,37.52,20.01,0,202,0.11,1.2,1.133,2.19,6.4
27.7,0.746,4.42,99.5,29.3,76,17.13,37.52,20.01,0,130,0.14,1.4,1.139,2,5
28.8,0.62,5.11,99.8,31.3,76,17.13,37.52,20.01,0,59,0.19,1.7,1.142,1.85,4
29.4,0.41,5.21,100.1,32.1,76,17.13,37.52,20.01,0,29,0.27,1.7,1.146,1.5,3.1
27.1,0.301,4.68,100.4,29.3,76,17.13,37.52,20.01,0,21,0.36,2,1.162,1.45,2.6
23.9,0.323,4.25,100.6,25.6,76,17.13,37.52,20.01,0,16,0.4,1.9,1.18,1.3,2.4
23.5,0.461,5.27,101.1,25,28,20.17,30.87,6.19,0,38,0.29,1.4,1.199,1.27,3.6
23.8,0.508,6.18,101,25.7,28,20.17,30.87,6.19,0,39,0.19,1.6,1.191,1.54,3.4
25.4,0.577,6.92,100.8,27.8,28,20.17,30.87,6.19,0,41,0.23,1.6,1.177,1.55,3.5
27.1,0.621,7.5,100.6,29.7,28,20.17,30.87,6.19,0,43,0.11,1.3,1.164,1.28,3.8
28.3,0.688,7.45,100.3,30.3,28,20.17,30.87,6.19,0,67,0.06,1.2,1.156,1.14,4.6
28.6,0.752,6.42,99.9,30.2,28,20.17,30.87,6.19,0,117,0.09,1.4,1.15,1.75,5.3
27.9,0.792,5.37,99.9,28.8,28,20.17,30.87,6.19,0,149,0.1,1.6,1.154,2.47,5.4
27.2,0.794,5.4,100.1,28.1,28,20.17,30.87,6.19,0,87,0.24,1.4,1.16,1.8,4.7
27.1,0.738,6.16,100.4,28.7,28,20.17,30.87,6.19,0,37,0.3,2,1.164,1.73,3.1
28.2,0.602,5.97,100.7,29.6,28,20.17,30.87,6.19,0,36,0.26,1.6,1.165,1.51,3.3
27.6,0.481,5.32,101,28.4,28,20.17,30.87,6.19,0,44,0.4,1.6,1.175,1.52,3.6
25.1,0.463,4.95,101.2,26.2,28,20.17,30.87,6.19,0,28,0.38,1.4,1.171,1.2,3.2
23,0.331,4.65,100.6,25.5,74,17.65,37.04,19.27,0,41,0.23,1.3,1.162,1.18,3.8
24.9,0.3,5.3,100.4,28.6,74,17.65,37.04,19.27,0,55,0.2,1.3,1.15,1.35,4.1
29.2,0.287,6.19,100.2,34.4,74,17.65,37.04,19.27,0,78,0.18,1.3,1.129,1.48,4.7
31.5,0.338,6.65,99.9,37.8,74,17.65,37.04,19.27,0,124,0.14,1.3,1.113,1.74,5.6
31.8,0.46,6.68,99.6,37.1,74,17.65,37.04,19.27,0,293,0.09,1.2,1.103,2.13,7.5
30,0.646,5.77,99.3,33.4,74,17.65,37.04,19.27,0,289,0.07,1.3,1.105,2.21,7.5
28.1,0.763,4.71,99.3,29.8,74,17.65,37.04,19.27,0,286,0.09,1.3,1.114,2.29,7.4
27.7,0.742,4.5,99.5,29.7,74,17.65,37.04,19.27,0,176,0.09,1.2,1.12,1.6,6.4
28.7,0.623,5.24,99.8,31.6,74,17.65,37.04,19.27,0,113,0.13,1.2,1.122,1.55,5.5
29.9,0.414,5.21,100.1,32.8,74,17.65,37.04,19.27,0,27,0.21,1.5,1.122,1.31,3.1
27.6,0.303,4.68,100.4,30.1,74,17.65,37.04,19.27,0,33,0.26,1.4,1.137,1.26,3.5
24.3,0.322,4.31,100.6,26.2,74,17.65,37.04,19.27,0,39,0.23,1.3,1.155,1.21,3.7
23,0.331,4.65,100.6,25.5,74,17.65,37.04,19.27,0,33,0.14,1.5,1.19,1.36,3.3
24.9,0.3,5.3,100.4,28.6,74,17.65,37.04,19.27,0,27,0.14,1.8,1.178,1.47,3
29.2,0.287,6.19,100.2,34.4,74,17.65,37.04,19.27,0,56,0.14,1.8,1.158,1.91,3.8
31.5,0.338,6.65,99.9,37.8,74,17.65,37.04,19.27,0,61,0.14,1.9,1.141,2,3.8
31.8,0.46,6.68,99.6,37.1,74,17.65,37.04,19.27,0,227,0.17,1.4,1.128,2.57,6.5
30,0.646,5.77,99.3,33.4,74,17.65,37.04,19.27,0,204,0.17,1.7,1.126,2.88,6
28.1,0.763,4.71,99.3,29.8,74,17.65,37.04,19.27,0,198,0.22,1.6,1.137,2.68,6
27.7,0.742,4.5,99.5,29.7,74,17.65,37.04,19.27,0,115,0.27,1.6,1.143,2.19,5
28.7,0.623,5.24,99.8,31.6,74,17.65,37.04,19.27,0,45,0.14,2.3,1.146,2.05,3.2
29.9,0.414,5.21,100.1,32.8,74,17.65,37.04,19.27,0,20,0.14,2,1.15,1.42,2.6
27.6,0.303,4.68,100.4,30.1,74,17.65,37.04,19.27,0,20,0.14,2.2,1.166,1.48,2.5
24.3,0.322,4.31,100.6,26.2,74,17.65,37.04,19.27,0,15,0.14,2,1.184,1.31,2.3
22.8,0.33,4.65,100.5,25.1,76,17.13,37.52,20.01,0,57,0.24,1.4,1.147,1.51,4.1
24.7,0.29,5.28,100.4,28.1,76,17.13,37.52,20.01,0,57,0.24,1.6,1.134,1.7,3.9
29.4,0.256,6.14,100.1,34.2,76,17.13,37.52,20.01,0,55,0.19,1.8,1.113,1.81,3.7
32.1,0.293,6.61,99.8,38.2,76,17.13,37.52,20.01,0,72,0.16,1.5,1.094,1.66,4.4
32.6,0.414,6.63,99.6,38.3,76,17.13,37.52,20.01,0,368,0.03,1.2,1.087,2.11,8.1
30.2,0.639,5.7,99.3,33.6,76,17.13,37.52,20.01,0,331,0.04,1.2,1.094,2.24,7.7
28,0.77,4.52,99.3,29.6,76,17.13,37.52,20.01,0,302,0.06,1.6,1.106,2.97,6.9
27.7,0.746,4.42,99.5,29.3,76,17.13,37.52,20.01,0,157,0.08,1.5,1.112,2.37,5.6
28.8,0.62,5.11,99.8,31.3,76,17.13,37.52,20.01,0,55,0.16,1.5,1.113,1.59,4
29.4,0.41,5.21,100.1,32.1,76,17.13,37.52,20.01,0,20,0.25,1.5,1.114,1.13,2.8
27.1,0.301,4.68,100.4,29.3,76,17.13,37.52,20.01,0,17,0.21,1.5,1.13,1.05,2.7
23.9,0.323,4.25,100.6,25.6,76,17.13,37.52,20.01,0,51,0.25,1.7,1.144,1.72,3.7
21.7,0.354,4.24,101.2,23.9,29,17.09,34.78,14.75,0,36,0.2,1.3,1.202,0.54,3.5
23.3,0.364,4.95,101,26.2,29,17.09,34.78,14.75,0,39,0.21,1.4,1.188,0.33,3.6
27,0.396,5.67,100.8,30.7,29,17.09,34.78,14.75,0,45,0.16,1.6,1.164,0.37,3.7
29.1,0.463,6.31,100.5,33.4,29,17.09,34.78,14.75,0,59,0.49,1.6,1.146,0.68,3.3
30.2,0.562,6.47,100.1,33.9,29,17.09,34.78,14.75,0,182,0.11,1.5,1.134,1.05,5.9
29.9,0.666,6.18,99.7,33,29,17.09,34.78,14.75,0,148,0.09,1.4,1.13,1.24,5.7
28.8,0.738,5.24,99.7,31,29,17.09,34.78,14.75,0,149,0.1,1.5,1.138,1.15,5.6
28.1,0.735,4.96,99.9,30.3,29,17.09,34.78,14.75,0,111,0.11,1.6,1.145,1.21,4.9
28.6,0.635,5.28,100.3,31.7,29,17.09,34.78,14.75,0,69,0.1,1.6,1.149,1.14,4.2
29.5,0.452,4.94,100.7,32.5,29,17.09,34.78,14.75,0,49,0.15,1.5,1.154,0.42,3.7
27.1,0.333,4.33,101,29.4,29,17.09,34.78,14.75,0,32,0.22,1.3,1.176,0.39,3.4
23.5,0.332,3.99,101.2,25.2,29,17.09,34.78,14.75,0,35,0.26,1.1,1.196,0.52,3.6
22.7,0.332,4.64,100.8,25.4,58,17.43,35.87,18.38,0,35,0.27,1.5,1.2,1.4,3.4
24.5,0.331,5.34,100.6,28.3,58,17.43,35.87,18.38,0,47,0.26,1.5,1.188,1.53,3.7
28.1,0.357,6.17,100.4,33.3,58,17.43,35.87,18.38,0,102,0.14,1.6,1.169,2.02,4.8
30,0.422,6.7,100.1,36.1,58,17.43,35.87,18.38,0,173,0.11,1.3,1.154,1.93,6.1
30.4,0.538,6.67,99.9,35.2,58,17.43,35.87,18.38,0,286,0.12,1.4,1.142,2.57,7.1
29.5,0.679,5.8,99.5,32.7,58,17.43,35.87,18.38,0,258,0.1,1.4,1.136,2.38,7
28,0.772,4.77,99.5,29.6,58,17.43,35.87,18.38,0,289,0.12,1.4,1.142,2.58,7.1
27.5,0.758,4.58,99.7,29.4,58,17.43,35.87,18.38,0,147,0.13,1.4,1.149,1.99,5.7
28.2,0.656,5.2,100,31,58,17.43,35.87,18.38,0,113,0.11,1.4,1.154,1.9,5.2
29.6,0.449,5.22,100.3,32.7,58,17.43,35.87,18.38,0,34,0.16,1.6,1.157,1.47,3.3
27.6,0.311,4.66,100.6,30.1,58,17.43,35.87,18.38,0,37,0.2,1.4,1.173,1.37,3.5
24.2,0.314,4.31,100.8,26.2,58,17.43,35.87,18.38,0,38,0.26,1.4,1.193,1.26,3.6
19.4,0.352,4.33,99.2,21.4,201,13.74,36.57,20.8,0,21,0.57,1.4,1.197,1.77,2.2
21.7,0.302,4.93,99,24.9,201,13.74,36.57,20.8,0,23,0.65,1.6,1.183,1.5,2.6
27.1,0.251,5.77,98.7,31.9,201,13.74,36.57,20.8,0,26,0.67,1.4,1.165,1.43,2.9
30.6,0.292,6.27,98.4,36.5,201,13.74,36.57,20.8,0,82,0.2,1.5,1.148,1.93,4.4
31.8,0.402,6.54,98.1,37,201,13.74,36.57,20.8,0,240,0.09,1.5,1.142,2.77,6.4
30.4,0.599,6.13,97.8,34.1,201,13.74,36.57,20.8,0,227,0.13,1.6,1.147,2.73,6.3
28.3,0.735,4.83,97.8,30.7,201,13.74,36.57,20.8,0,205,0.1,1.5,1.155,2.45,6.2
27.6,0.736,4.56,98,29.5,201,13.74,36.57,20.8,0,157,0.11,1.2,1.16,1.75,6
28.4,0.6,5.2,98.3,30.7,201,13.74,36.57,20.8,0,63,0.12,1.6,1.161,1.73,4.1
28,0.382,4.97,98.7,30.6,201,13.74,36.57,20.8,0,33,0.21,1.8,1.161,1.63,3.1
24.6,0.294,4.34,99.1,26.5,201,13.74,36.57,20.8,0,20,0.23,1.5,1.177,1.14,2.8
20.9,0.334,3.96,99.3,22.3,201,13.74,36.57,20.8,0,24,0.34,1.6,1.193,1.18,3.1
21.8,0.325,4.22,101,24.4,45,16.57,36.57,18.64,0,22,0.21,1.5,1.204,1.18,2.9
23.8,0.309,4.88,100.8,27.3,45,16.57,36.57,18.64,0,29,0.21,1.4,1.19,1.2,3.2
28.1,0.316,5.63,100.5,32.9,45,16.57,36.57,18.64,0,34,0.2,1.5,1.167,1.32,3.4
30.5,0.382,6.35,100.2,36,45,16.57,36.57,18.64,0,154,0.11,1.5,1.149,2.14,5.7
31.3,0.493,6.67,99.9,36,45,16.57,36.57,18.64,0,240,0.08,1.7,1.14,3.01,6.2
30.4,0.632,6.27,99.6,34,45,16.57,36.57,18.64,0,323,0.08,1.8,1.14,3.43,6.8
28.8,0.73,5.16,99.5,31.1,45,16.57,36.57,18.64,0,129,0.13,1.7,1.145,2.34,5.1
28.3,0.718,4.88,99.8,30.8,45,16.57,36.57,18.64,0,98,0.14,1.6,1.152,2.02,4.8
29.2,0.6,5.18,100.1,32.7,45,16.57,36.57,18.64,0,54,0.13,1.8,1.155,1.87,3.7
30.1,0.4,4.81,100.5,33.6,45,16.57,36.57,18.64,0,17,0.13,1.8,1.158,1.22,2.6
27.3,0.287,4.23,100.8,30,45,16.57,36.57,18.64,0,19,0.12,1.8,1.177,1.26,2.6
23.4,0.302,3.96,101,25.5,45,16.57,36.57,18.64,0,26,0.17,1.5,1.198,1.23,3.1
21.8,0.325,4.22,101,24.4,45,16.57,36.57,18.64,0,53,0.22,1.5,1.207,1.82,3.7
23.8,0.309,4.88,100.8,27.3,45,16.57,36.57,18.64,0,40,0.26,1.6,1.204,1.81,3.2
28.1,0.316,5.63,100.5,32.9,45,16.57,36.57,18.64,0,47,0.22,1.5,1.184,1.75,3.5
30.5,0.382,6.35,100.2,36,45,16.57,36.57,18.64,0,65,0.19,1.4,1.173,1.81,4.1
31.3,0.493,6.67,99.9,36,45,16.57,36.57,18.64,0,133,0.13,1.2,1.157,1.48,5.8
30.4,0.632,6.27,99.6,34,45,16.57,36.57,18.64,0,123,0.13,1.2,1.144,1.53,5.6
28.8,0.73,5.16,99.5,31.1,45,16.57,36.57,18.64,0,125,0.12,1.2,1.151,1.6,5.6
28.3,0.718,4.88,99.8,30.8,45,16.57,36.57,18.64,0,96,0.14,1.3,1.172,1.6,5
29.2,0.6,5.18,100.1,32.7,45,16.57,36.57,18.64,0,57,0.15,1.5,1.188,1.72,3.9
30.1,0.4,4.81,100.5,33.6,45,16.57,36.57,18.64,0,18,0.27,1.4,1.167,1.34,2.6
27.3,0.287,4.23,100.8,30,45,16.57,36.57,18.64,0,32,0.27,1.7,1.164,1.69,3
23.4,0.302,3.96,101,25.5,45,16.57,36.57,18.64,0,38,0.25,1.6,1.18,1.69,3.3
2.4,0.597,3.11,81.8,2,1841,-2.04,26.22,20.76,43,209,0.11,1.9,1.112,3.09,5.8
4,0.609,3.77,81.7,4,1841,-2.04,26.22,20.76,43,215,0.1,1.9,1.097,3.21,6
8.7,0.54,4.87,81.7,9.6,1841,-2.04,26.22,20.76,43,256,0.1,1.8,1.082,3.16,6.4
15,0.43,6.12,81.6,17.3,1841,-2.04,26.22,20.76,43,295,0.08,1.8,1.068,3.36,6.8
19.7,0.39,7.01,81.4,23,1841,-2.04,26.22,20.76,43,231,0.07,1.9,1.06,3.47,6.1
22.5,0.448,7.21,81.2,26,1841,-2.04,26.22,20.76,43,112,0.03,2.7,1.068,3.25,4.3
21.4,0.68,6.17,81.2,24,1841,-2.04,26.22,20.76,43,40,0.08,2.3,1.076,2.87,3.2
20.2,0.743,5.62,81.3,22.2,1841,-2.04,26.22,20.76,43,130,0.15,2.3,1.08,1.94,4.7
18.2,0.623,5.73,81.6,19.8,1841,-2.04,26.22,20.76,43,197,0.13,2.1,1.087,2.92,5.5
14.1,0.444,5.05,81.9,15,1841,-2.04,26.22,20.76,43,222,0.13,1.8,1.102,3.29,6.1
9.6,0.413,3.9,82,9.8,1841,-2.04,26.22,20.76,43,267,0.14,1.7,1.111,3.14,6.5
5.2,0.495,3.01,82,4.9,1841,-2.04,26.22,20.76,43,300,0.13,1.7,1.111,3.24,6.2
24.2,0.457,5.34,95.4,26.9,522,18.39,34.35,15.67,0,38,0.22,1.3,1.096,1.5,3.5
26.6,0.379,6,95.2,30.4,522,18.39,34.35,15.67,0,22,0.26,1.9,1.086,1.6,2.7
29.2,0.375,6.45,95.1,34.3,522,18.39,34.35,15.67,0,22,0.25,1.7,1.084,1.4,2.8
29.5,0.458,6.44,94.9,35,522,18.39,34.35,15.67,0,43,0.19,1.5,1.082,1.6,3.7
28.2,0.571,6.27,94.8,33.1,522,18.39,34.35,15.67,0,89,0.13,1.5,1.085,1.9,4.7
24.8,0.788,4.69,94.8,26.9,522,18.39,34.35,15.67,0,135,0.13,1.3,1.095,2.1,5.5
23.9,0.818,4.2,94.8,25.4,522,18.39,34.35,15.67,0,304,0.13,1.2,1.1,2.2,7.6
23.7,0.814,4.33,94.9,25.3,522,18.39,34.35,15.67,0,119,0.16,1.5,1.098,2.3,5.1
24.2,0.752,4.92,95,26.7,522,18.39,34.35,15.67,0,53,0.25,1.7,1.098,2.1,3.6
25.3,0.639,4.95,95.1,27.4,522,18.39,34.35,15.67,0,46,0.2,1.7,1.093,2,3.4
24.9,0.514,5.07,95.3,26.9,522,18.39,34.35,15.67,0,51,0.21,1.4,1.094,1.7,3.8
23.7,0.488,5.01,95.5,25.6,522,18.39,34.35,15.67,0,38,0.23,1.4,1.097,1.6,3.5
23.9,0.494,5.33,94.7,27.1,581,18.13,34.13,16.01,0,105,0.21,1.4,1.058,1.8,5.3
26.6,0.394,6.09,94.6,31.1,581,18.13,34.13,16.01,0,105,0.19,1.3,1.052,1.9,5.3
29.3,0.37,6.51,94.4,35.1,581,18.13,34.13,16.01,0,85,0.19,1.5,1.037,2,4.8
29,0.5,6.41,94.3,34.5,581,18.13,34.13,16.01,0,84,0.18,1.9,1.038,2.3,4.4
27.6,0.608,6.19,94.2,31.9,581,18.13,34.13,16.01,0,223,0.12,1.4,1.041,2.4,6.8
24.9,0.75,4.9,94.1,27.3,581,18.13,34.13,16.01,0,489,0.16,1.2,1.049,2.5,9.2
24.3,0.764,4.44,94.2,26.4,581,18.13,34.13,16.01,0,476,0.15,1.1,1.051,1.6,9.4
24.2,0.756,4.52,94.3,26.5,581,18.13,34.13,16.01,0,404,0.15,1.1,1.051,1.8,8.8
24.8,0.703,5.1,94.4,27.8,581,18.13,34.13,16.01,0,294,0.14,1.1,1.053,1.7,7.9
25.1,0.648,4.94,94.5,27.6,581,18.13,34.13,16.01,0,143,0.15,1.4,1.053,2.2,5.8
24.4,0.569,4.93,94.7,26.8,581,18.13,34.13,16.01,0,85,0.25,1.4,1.056,1.8,4.8
23.2,0.545,4.98,94.8,25.7,581,18.13,34.13,16.01,0,95,0.2,1.3,1.06,1.6,5.2
23,0.526,5.34,93.7,25.8,679,17.17,32.52,15.32,0,131,0.16,1.4,1.072,1.84,5
25.5,0.442,5.99,93.6,29.6,679,17.17,32.52,15.32,0,94,0.11,1.4,1.064,1.79,4.7
27.9,0.422,6.38,93.4,33.3,679,17.17,32.52,15.32,0,119,0.11,1.5,1.055,2.03,5
27.2,0.572,6.15,93.3,32.1,679,17.17,32.52,15.32,0,154,0.08,1.5,1.051,2.26,5.6
25.7,0.687,5.88,93.2,29.5,679,17.17,32.52,15.32,0,276,0.06,1.2,1.052,2.06,7.3
23.6,0.797,4.6,93.1,25.6,679,17.17,32.52,15.32,0,334,0.06,1.2,1.062,2.21,7.7
22.9,0.813,4.19,93.2,24.5,679,17.17,32.52,15.32,0,628,0.04,1.3,1.067,2.82,9.5
22.9,0.803,4.31,93.3,24.7,679,17.17,32.52,15.32,0,374,0.06,1.3,1.068,2.41,7.9
23.5,0.752,4.99,93.3,26,679,17.17,32.52,15.32,0,166,0.1,1.7,1.068,2.51,5.4
23.8,0.701,4.84,93.4,25.8,679,17.17,32.52,15.32,0,35,0.17,1.5,1.065,1.34,3.2
23.3,0.617,4.82,93.6,25.2,679,17.17,32.52,15.32,0,166,0.14,1.5,1.068,2.1,5.4
22.4,0.584,4.94,93.7,24.4,679,17.17,32.52,15.32,0,161,0.16,1.3,1.073,1.78,5.5
24.2,0.457,5.34,95.4,26.9,522,18.39,34.35,15.67,0,61,0.17,1.6,1.09,1.91,4.1
26.6,0.379,6,95.2,30.4,522,18.39,34.35,15.67,0,35,0.2,1.6,1.083,1.58,3.4
29.2,0.375,6.45,95.1,34.3,522,18.39,34.35,15.67,0,48,0.18,1.7,1.072,1.85,3.7
29.5,0.458,6.44,94.9,35,522,18.39,34.35,15.67,0,67,0.15,1.5,1.066,1.85,4.3
28.2,0.571,6.27,94.8,33.1,522,18.39,34.35,15.67,0,75,0.1,1.3,1.066,1.9,5
24.8,0.788,4.69,94.8,26.9,522,18.39,34.35,15.67,0,128,0.2,1.3,1.076,1.97,5.5
23.9,0.818,4.2,94.8,25.4,522,18.39,34.35,15.67,0,167,0.21,1.3,1.081,2.13,6.1
23.7,0.814,4.33,94.9,25.3,522,18.39,34.35,15.67,0,110,0.21,1.4,1.082,1.99,5.2
24.2,0.752,4.92,95,26.7,522,18.39,34.35,15.67,0,58,0.18,1.5,1.082,1.8,4
25.3,0.639,4.95,95.1,27.4,522,18.39,34.35,15.67,0,20,0.22,1.7,1.079,1.41,2.7
24.9,0.514,5.07,95.3,26.9,522,18.39,34.35,15.67,0,78,0.16,1.3,1.085,1.77,4.7
23.7,0.488,5.01,95.5,25.6,522,18.39,34.35,15.67,0,93,0.17,1.2,1.092,1.53,5.1
24.1,0.483,5.41,95.5,26.3,507,18.26,32.91,14.61,0,147,0.13,1.3,1.079,1.97,5.9
26.1,0.436,6.15,95.4,29.5,507,18.26,32.91,14.61,0,101,0.11,1.7,1.068,2.24,4.8
28,0.462,6.57,95.3,32.7,507,18.26,32.91,14.61,0,99,0.1,1.6,1.057,2.11,4.9
27.8,0.57,6.53,95.2,32.4,507,18.26,32.91,14.61,0,238,0.03,1.8,1.053,3.14,6.3
26.5,0.68,6.09,95,30.3,507,18.26,32.91,14.61,0,293,0.02,1.3,1.055,2.22,7.6
24.3,0.822,4.24,95,25.9,507,18.26,32.91,14.61,0,331,0.03,1.3,1.066,2.53,7.8
23.6,0.837,3.81,95.1,24.8,507,18.26,32.91,14.61,0,271,0.04,1.2,1.072,2.08,7.4
23.4,0.833,3.98,95.2,24.7,507,18.26,32.91,14.61,0,175,0.06,1.4,1.073,2.12,6.2
23.7,0.791,4.9,95.2,25.5,507,18.26,32.91,14.61,0,121,0.09,1.5,1.071,2.16,5.3
24.5,0.705,4.93,95.3,26.1,507,18.26,32.91,14.61,0,60,0.19,1.7,1.071,1.99,4
24.5,0.561,5.14,95.4,26,507,18.26,32.91,14.61,0,149,0.14,1.3,1.077,1.82,6
23.6,0.515,5.13,95.6,25.1,507,18.26,32.91,14.61,0,155,0.15,1.2,1.082,1.82,6.1
22.4,0.613,5.36,94.2,25.1,633,16.78,32.61,14.71,0,40,0.19,1.3,1.11,1.09,3.9
25,0.512,6.06,94.1,29,633,16.78,32.61,14.71,0,36,0.16,1.5,1.098,1.37,3.6
27.5,0.462,6.56,93.9,32.6,633,16.78,32.61,14.71,0,38,0.18,1.6,1.084,1.53,3.5
27.2,0.611,6.38,93.8,31.5,633,16.78,32.61,14.71,0,42,0.2,1.6,1.074,1.56,3.7
26.7,0.663,6.03,93.6,30.1,633,16.78,32.61,14.71,0,138,0.14,1.3,1.071,1.9,5.8
24.9,0.728,4.84,93.6,27,633,16.78,32.61,14.71,0,247,0.12,1.2,1.084,2.1,7.1
24.3,0.733,4.5,93.7,26.3,633,16.78,32.61,14.71,0,195,0.11,1.3,1.092,2.16,6.4
24.5,0.715,4.47,93.7,26.9,633,16.78,32.61,14.71,0,166,0.13,1.5,1.093,2.5,5.8
25.1,0.678,5.03,93.8,28.2,633,16.78,32.61,14.71,0,82,0.15,1.7,1.094,2.21,4.3
24.1,0.709,4.63,93.9,26.1,633,16.78,32.61,14.71,0,24,0.22,1.5,1.097,1.23,3.1
22.8,0.693,4.5,94.1,24.3,633,16.78,32.61,14.71,0,41,0.19,1.4,1.106,1.37,3.7
21.9,0.665,4.74,94.2,23.8,633,16.78,32.61,14.71,0,30,0.2,1.3,1.113,1.12,3.4
23.6,0.482,5.15,95.9,26.9,479,17.87,36.7,17.21,0,30,0.29,1.3,1.107,1.1,3.5
26.6,0.388,5.96,95.8,31.2,479,17.87,36.7,17.21,0,29,0.25,1.3,1.095,1.2,3.4
30.5,0.327,6.47,95.5,36.4,479,17.87,36.7,17.21,0,39,0.24,1.5,1.08,1.6,3.6
31.3,0.402,6.55,95.3,36.6,479,17.87,36.7,17.21,0,43,0.23,1.5,1.07,1.6,3.7
32.1,0.409,6.44,95.1,36.6,479,17.87,36.7,17.21,0,80,0.2,1.3,1.063,1.8,4.7
28,0.639,4.91,95,30.8,479,17.87,36.7,17.21,0,145,0.19,1.3,1.078,2.2,5.7
26.4,0.701,4.27,95.1,28.7,479,17.87,36.7,17.21,0,94,0.2,1.3,1.088,1.9,4.9
26.1,0.701,4.24,95.2,28.2,479,17.87,36.7,17.21,0,66,0.17,1.5,1.09,2.1,4.1
26.7,0.65,4.67,95.3,29.3,479,17.87,36.7,17.21,0,48,0.19,1.3,1.091,1.6,3.9
26.2,0.591,4.97,95.6,28.7,479,17.87,36.7,17.21,0,24,0.34,1.2,1.094,1.1,3.2
24.7,0.499,5,95.9,27.1,479,17.87,36.7,17.21,0,29,0.36,1.2,1.104,1.2,3.3
23,0.476,4.85,96,25.4,479,17.87,36.7,17.21,0,24,0.33,1.3,1.11,1.1,3.2
23.9,0.45,5.18,95.5,27.4,514,18.13,36.91,17.87,0,20,0.33,1.5,1.104,1.3,2.8
26.8,0.35,5.87,95.4,31.6,514,18.13,36.91,17.87,0,23,0.3,1.6,1.091,1.3,3
30.7,0.291,6.36,95.1,36.5,514,18.13,36.91,17.87,0,19,0.25,1.4,1.077,1.2,2.8
32.1,0.333,6.41,94.9,38.1,514,18.13,36.91,17.87,0,28,0.27,1.4,1.067,1.4,3.2
31.7,0.404,6.45,94.8,36.9,514,18.13,36.91,17.87,0,54,0.25,1.2,1.06,1.3,4.3
27.1,0.667,5.16,94.7,30.2,514,18.13,36.91,17.87,0,126,0.16,1.3,1.075,2.1,5.5
25.6,0.728,4.54,94.8,28.1,514,18.13,36.91,17.87,0,80,0.17,1.3,1.084,1.8,4.7
25.3,0.728,4.48,94.9,27.7,514,18.13,36.91,17.87,0,49,0.18,1.4,1.087,1.6,3.9
26.2,0.654,4.92,95,29.4,514,18.13,36.91,17.87,0,33,0.19,1.6,1.088,1.6,3.3
26.6,0.552,5.08,95.2,29.6,514,18.13,36.91,17.87,0,19,0.34,1.3,1.09,0.9,3
25,0.466,5.02,95.5,27.9,514,18.13,36.91,17.87,0,22,0.32,1.4,1.101,1.1,3.1
23.2,0.454,4.85,95.6,25.9,514,18.13,36.91,17.87,0,19,0.3,1.5,1.107,1.2,2.8
24.4,0.435,5.27,95.3,27.7,532,18.52,35.83,17.36,0,36,0.25,1.3,1.101,1.2,3.7
26.9,0.345,5.91,95.1,31.4,532,18.52,35.83,17.36,0,40,0.23,1.6,1.092,1.45,3.6
30.1,0.312,6.46,95,35.7,532,18.52,35.83,17.36,0,52,0.2,1.7,1.083,1.75,3.8
31,0.367,6.48,94.8,37.4,532,18.52,35.83,17.36,0,61,0.17,1.6,1.079,1.82,4.1
29.6,0.488,6.4,94.7,35.3,532,18.52,35.83,17.36,0,113,0.17,1.5,1.08,2.06,5.2
25.5,0.747,5.01,94.6,28.2,532,18.52,35.83,17.36,0,119,0.16,1.3,1.09,1.86,5.5
24.3,0.793,4.56,94.7,26.3,532,18.52,35.83,17.36,0,207,0.19,1.2,1.096,1.86,6.7
24,0.79,4.53,94.8,26.1,532,18.52,35.83,17.36,0,99,0.18,1.3,1.097,1.86,5
24.9,0.711,4.95,94.9,28.1,532,18.52,35.83,17.36,0,84,0.16,1.6,1.096,2.13,4.4
26.2,0.574,4.98,95,29.1,532,18.52,35.83,17.36,0,46,0.23,1.5,1.093,1.56,3.8
25.4,0.468,5.02,95.2,28.1,532,18.52,35.83,17.36,0,55,0.24,1.4,1.096,1.5,4.1
23.8,0.456,4.88,95.4,26.3,532,18.52,35.83,17.36,0,35,0.25,1.4,1.101,1.22,3.6
24.9,0.594,5.68,98,26.3,279,19.39,31.7,11.14,0,22,0.14,1.6,1.15,0.65,2.7
26.4,0.571,6.24,97.9,28.7,279,19.39,31.7,11.14,0,28,0.14,1.6,1.142,0.68,2.9
27.4,0.612,6.66,97.8,30.3,279,19.39,31.7,11.14,0,41,0.18,2.1,1.132,0.92,3.2
26.2,0.782,6.12,97.7,28.1,279,19.39,31.7,11.14,0,175,0.09,1.6,1.128,1.19,5.7
25.8,0.825,5.49,97.6,27,279,19.39,31.7,11.14,0,148,0.11,1.4,1.128,1.1,5.6
24.9,0.847,4.04,97.6,25.4,279,19.39,31.7,11.14,0,122,0.15,1.4,1.136,1.06,5.2
24.5,0.839,4.25,97.7,24.9,279,19.39,31.7,11.14,0,146,0.15,1.3,1.14,0.69,5.7
24.5,0.829,4.72,97.8,25.2,279,19.39,31.7,11.14,0,126,0.14,1.3,1.138,0.89,5.4
24.8,0.81,5.36,97.8,26,279,19.39,31.7,11.14,0,118,0.14,1.5,1.138,1.31,5
24.7,0.815,4.85,97.8,25.6,279,19.39,31.7,11.14,0,65,0.17,1.9,1.14,1.1,4
24.5,0.753,4.92,97.9,25.1,279,19.39,31.7,11.14,0,15,0.14,1.7,1.145,0.49,2.3
24.5,0.66,5.22,98,25.2,279,19.39,31.7,11.14,0,21,0.14,1.7,1.15,0.59,2.6
24.9,0.594,5.68,98,26.3,279,19.39,31.7,11.14,0,88,0.2,1.4,1.155,2.4,4.3
26.4,0.571,6.24,97.9,28.7,279,19.39,31.7,11.14,0,40,0.19,2.2,1.147,2.2,2.8
27.4,0.612,6.66,97.8,30.3,279,19.39,31.7,11.14,0,56,0.2,1.5,1.14,2.2,3.6
26.2,0.782,6.12,97.7,28.1,279,19.39,31.7,11.14,0,21,0.25,1.7,1.141,1.5,2.6
25.8,0.825,5.49,97.6,27,279,19.39,31.7,11.14,0,37,0.25,1.2,1.152,1.4,3.6
24.9,0.847,4.04,97.6,25.4,279,19.39,31.7,11.14,0,27,0.28,1.2,1.157,1.4,3
24.5,0.839,4.25,97.7,24.9,279,19.39,31.7,11.14,0,33,0.26,1.2,1.162,1.4,3.4
24.5,0.829,4.72,97.8,25.2,279,19.39,31.7,11.14,0,33,0.26,1.3,1.16,1.4,3.3
24.8,0.81,5.36,97.8,26,279,19.39,31.7,11.14,0,20,0.23,1.2,1.157,1.4,2.7
24.7,0.815,4.85,97.8,25.6,279,19.39,31.7,11.14,0,18,0.28,1.7,1.156,1.6,2.2
24.5,0.753,4.92,97.9,25.1,279,19.39,31.7,11.14,0,26,0.27,2,1.155,1.9,2.4
24.5,0.66,5.22,98,25.2,279,19.39,31.7,11.14,0,84,0.21,1.4,1.157,2.1,4.5
23.7,0.585,5.46,95.9,25.4,471,18.09,31.3,12.43,0,16,0.2,1.9,1.082,1.35,2.5
25.5,0.551,5.94,95.8,28.1,471,18.09,31.3,12.43,0,31,0.18,2,1.072,1.72,3.1
27,0.567,6.39,95.7,30.5,471,18.09,31.3,12.43,0,34,0.15,2.2,1.063,1.93,3.1
25.9,0.738,5.93,95.6,28.5,471,18.09,31.3,12.43,0,231,0.13,1.4,1.06,2.64,6.7
25.3,0.792,5.35,95.5,27.1,471,18.09,31.3,12.43,0,372,0.12,1.2,1.063,2.27,8.3
24.1,0.842,3.87,95.5,24.9,471,18.09,31.3,12.43,0,510,0.13,1.1,1.072,1.91,9.5
23.6,0.84,3.71,95.5,24.2,471,18.09,31.3,12.43,0,741,0.13,1.1,1.076,2.36,10.6
23.6,0.829,4.08,95.6,24.5,471,18.09,31.3,12.43,0,435,0.12,1.3,1.076,2.64,8.6
23.9,0.799,4.83,95.6,25.5,471,18.09,31.3,12.43,0,280,0.13,1.5,1.075,2.9,7.1
23.9,0.794,4.54,95.7,24.9,471,18.09,31.3,12.43,0,56,0.15,2.8,1.075,2.38,3.4
23.6,0.715,4.65,95.8,24.3,471,18.09,31.3,12.43,0,49,0.14,1.5,1.079,1.65,3.9
23.4,0.635,4.99,95.9,24.4,471,18.09,31.3,12.43,0,32,0.16,1.3,1.083,1.6,3
24.9,0.555,5.49,96.7,26.4,400,20.04,30.87,9.47,0,119,0.16,1.8,1.138,1.94,4.9
25.9,0.563,6.07,96.6,28.4,400,20.04,30.87,9.47,0,145,0.14,1.8,1.134,2.1,5.2
26.9,0.596,6.52,96.5,30.6,400,20.04,30.87,9.47,0,120,0.12,1.6,1.128,2.3,5.1
26.4,0.708,6.39,96.4,29.8,400,20.04,30.87,9.47,0,103,0.1,1.7,1.122,2.4,4.8
25.8,0.772,5.6,96.3,28.5,400,20.04,30.87,9.47,0,223,0.15,1.8,1.123,2.2,6
24.7,0.84,3.75,96.3,25.9,400,20.04,30.87,9.47,0,176,0.16,1.7,1.134,2.1,5.7
24,0.851,3.55,96.4,24.9,400,20.04,30.87,9.47,0,276,0.13,2.1,1.137,2.97,5
23.8,0.848,4.07,96.4,24.8,400,20.04,30.87,9.47,0,259,0.15,1.3,1.137,2.26,5.6
24,0.824,4.93,96.5,25.5,400,20.04,30.87,9.47,0,147,0.14,1.4,1.136,2.07,4.6
24.4,0.786,4.74,96.5,25.9,400,20.04,30.87,9.47,0,153,0.19,1.7,1.134,2.14,4.4
24.9,0.656,5.02,96.6,25.9,400,20.04,30.87,9.47,0,136,0.17,1.8,1.134,1.95,4.4
24.9,0.567,5.27,96.7,25.8,400,20.04,30.87,9.47,0,118,0.13,1.6,1.137,1.79,4.3
24.2,0.683,4.95,97.7,25.6,307,19.61,31,11.08,0,141,0.14,1.2,1.063,1.6,6.1
25.8,0.613,5.73,97.7,28.4,307,19.61,31,11.08,0,108,0.14,1.5,1.056,2.13,5.2
27.1,0.619,6.27,97.5,30.6,307,19.61,31,11.08,0,33,0.14,2,1.049,1.82,3.1
26,0.787,5.53,97.4,28.2,307,19.61,31,11.08,0,30,0.11,2,1.049,1.78,3
25.6,0.833,5.23,97.3,26.8,307,19.61,31,11.08,0,180,0.1,2.1,1.051,3.14,5.4
24.9,0.831,4.27,97.3,25.4,307,19.61,31,11.08,0,134,0.09,1.2,1.06,1.39,6
24.7,0.811,4.19,97.4,25.3,307,19.61,31,11.08,0,427,0.08,1.5,1.063,3.3,8.1
24.8,0.795,4.48,97.4,25.8,307,19.61,31,11.08,0,308,0.09,1.3,1.064,2.62,7.5
24.9,0.792,4.92,97.5,26.3,307,19.61,31,11.08,0,245,0.08,1.3,1.062,2.26,7
24.6,0.818,4.31,97.5,25.6,307,19.61,31,11.08,0,47,0.12,1.9,1.06,1.99,3.6
24.1,0.798,4.15,97.6,24.7,307,19.61,31,11.08,0,35,0.17,2.6,1.062,2.01,2.9
23.8,0.753,4.41,97.7,24.4,307,19.61,31,11.08,0,67,0.16,1.9,1.065,2.23,4.1
17.4,0.456,4.32,96.9,19.7,406,12.04,37.52,21.75,0,28,0.26,1.4,1.146,1.1,3.3
20.6,0.395,5.14,96.7,24,406,12.04,37.52,21.75,0,54,0.22,1.5,1.129,1.65,3.9
26.6,0.29,5.96,96.4,31.6,406,12.04,37.52,21.75,0,34,0.23,1.3,1.104,1.14,3.6
31.7,0.239,6.56,96.1,37.8,406,12.04,37.52,21.75,0,70,0.2,1.3,1.079,1.64,4.5
33.8,0.311,6.44,95.7,39.5,406,12.04,37.52,21.75,0,96,0.16,1.3,1.064,2.1,4.9
31,0.552,5.67,95.5,34.1,406,12.04,37.52,21.75,0,104,0.14,1.3,1.071,2.32,4.8
27.4,0.756,4.27,95.5,28.7,406,12.04,37.52,21.75,0,74,0.15,1.3,1.089,1.8,4.5
26.2,0.792,3.89,95.7,27.1,406,12.04,37.52,21.75,0,109,0.13,1.4,1.096,2.06,5.1
26.5,0.678,4.85,96,27.9,406,12.04,37.52,21.75,0,46,0.19,1.6,1.097,1.87,3.4
25.7,0.457,5.08,96.5,27.6,406,12.04,37.52,21.75,0,16,0.31,1.4,1.104,1.17,2.6
22.1,0.381,4.52,96.8,23.9,406,12.04,37.52,21.75,0,7,0.39,1.7,1.125,1.11,1.7
18.3,0.438,4.07,97,19.8,406,12.04,37.52,21.75,0,26,0.25,1.5,1.143,1.17,3.2
17.4,0.456,4.32,96.9,19.7,406,12.04,37.52,21.75,0,30,0.26,1.4,1.138,1.4,3.4
20.6,0.395,5.14,96.7,24,406,12.04,37.52,21.75,0,49,0.24,1.5,1.123,1.5,3.9
26.6,0.29,5.96,96.4,31.6,406,12.04,37.52,21.75,0,75,0.22,1.6,1.102,1.5,4.4
31.7,0.239,6.56,96.1,37.8,406,12.04,37.52,21.75,0,135,0.14,1.4,1.083,1.8,5.7
33.8,0.311,6.44,95.7,39.5,406,12.04,37.52,21.75,0,271,0.09,1.2,1.074,2.3,7.5
31,0.552,5.67,95.5,34.1,406,12.04,37.52,21.75,0,270,0.12,1.2,1.081,1.8,7.4
27.4,0.756,4.27,95.5,28.7,406,12.04,37.52,21.75,0,255,0.14,1.3,1.094,1.4,7.2
26.2,0.792,3.89,95.7,27.1,406,12.04,37.52,21.75,0,115,0.14,1.2,1.1,1.5,5.6
26.5,0.678,4.85,96,27.9,406,12.04,37.52,21.75,0,141,0.1,1.7,1.101,1.6,5.3
25.7,0.457,5.08,96.5,27.6,406,12.04,37.52,21.75,0,19,0.27,1.8,1.102,1.1,2.7
22.1,0.381,4.52,96.8,23.9,406,12.04,37.52,21.75,0,18,0.14,1.6,1.119,1.2,2.7
18.3,0.438,4.07,97,19.8,406,12.04,37.52,21.75,0,24,0.14,1.3,1.135,1.3,3.2
19.4,0.418,4.51,96.8,21.9,411,14,36.74,21.12,0,30,0.26,1.4,1.138,1.2,3.4
22.2,0.351,5.27,96.6,26,411,14,36.74,21.12,0,49,0.24,1.5,1.123,1.49,3.9
27.7,0.26,6.11,96.4,33.3,411,14,36.74,21.12,0,75,0.22,1.6,1.102,1.94,4.4
31.7,0.245,6.67,96.1,38.2,411,14,36.74,21.12,0,135,0.14,1.4,1.083,2.03,5.7
32.5,0.353,6.8,95.8,37.4,411,14,36.74,21.12,0,271,0.09,1.2,1.074,1.94,7.5
29.7,0.598,5.73,95.5,32.9,411,14,36.74,21.12,0,270,0.12,1.2,1.081,2.1,7.4
26.8,0.758,4.23,95.5,28.7,411,14,36.74,21.12,0,255,0.14,1.3,1.094,2.17,7.2
26.1,0.764,3.85,95.7,27.7,411,14,36.74,21.12,0,115,0.14,1.2,1.1,1.52,5.6
26.9,0.643,4.81,96,28.7,411,14,36.74,21.12,0,141,0.1,1.7,1.101,2.55,5.3
26.5,0.435,5.1,96.4,28.6,411,14,36.74,21.12,0,19,0.27,1.8,1.102,1.33,2.7
23.6,0.361,4.61,96.7,25.6,411,14,36.74,21.12,0,18,0.14,1.6,1.119,1.2,2.7
20.2,0.404,4.2,96.9,21.9,411,14,36.74,21.12,0,24,0.14,1.3,1.135,1.02,3.2
20.5,0.425,4.63,96.8,23,407,14.78,37.43,20.19,0,20,0.24,1.5,1.124,1.4,2.7
23.3,0.355,5.38,96.7,27.3,407,14.78,37.43,20.19,0,22,0.24,1.5,1.119,1.4,2.8
28.7,0.259,6.18,96.4,34.2,407,14.78,37.43,20.19,0,30,0.22,1.5,1.091,1.4,3.3
32.5,0.229,6.65,96.1,38.2,407,14.78,37.43,20.19,0,68,0.2,1.5,1.083,1.8,4.4
33.2,0.331,6.66,95.8,38.1,407,14.78,37.43,20.19,0,188,0.12,1.1,1.085,1.6,6.6
29.7,0.6,5.51,95.6,32.8,407,14.78,37.43,20.19,0,126,0.12,1.4,1.095,2.1,5.4
26.6,0.761,4.27,95.7,28.3,407,14.78,37.43,20.19,0,90,0.14,1.3,1.104,1.7,4.9
25.9,0.767,3.79,95.8,27.2,407,14.78,37.43,20.19,0,56,0.17,1.2,1.107,1.3,4.3
26.7,0.657,4.71,96.1,28.3,407,14.78,37.43,20.19,0,27,0.22,1.6,1.105,1.4,3.1
26.3,0.464,5.23,96.4,28.2,407,14.78,37.43,20.19,0,12,0.27,1.8,1.095,1.2,2.3
23.7,0.386,4.71,96.8,25.6,407,14.78,37.43,20.19,0,12,0.24,1.5,1.104,1.2,2.3
20.7,0.415,4.33,96.9,22.4,407,14.78,37.43,20.19,0,16,0.23,1.6,1.117,1.3,2.4
19.4,0.418,4.51,96.8,21.9,411,14,36.74,21.12,0,72,0.2,1.7,1.123,2,4.3
22.2,0.351,5.27,96.6,26,411,14,36.74,21.12,0,105,0.15,1.7,1.109,2.25,4.8
27.7,0.26,6.11,96.4,33.3,411,14,36.74,21.12,0,108,0.21,1.9,1.087,2.42,4.7
31.7,0.245,6.67,96.1,38.2,411,14,36.74,21.12,0,104,0.24,1.4,1.067,1.93,5.2
32.5,0.353,6.8,95.8,37.4,411,14,36.74,21.12,0,199,0.19,1.4,1.058,2.35,6.4
29.7,0.598,5.73,95.5,32.9,411,14,36.74,21.12,0,288,0.3,1.8,1.068,3.54,6.6
26.8,0.758,4.23,95.5,28.7,411,14,36.74,21.12,0,445,0.03,1.3,1.081,2.85,8.5
26.1,0.764,3.85,95.7,27.7,411,14,36.74,21.12,0,202,0.08,1.3,1.087,2.07,6.6
26.9,0.643,4.81,96,28.7,411,14,36.74,21.12,0,68,0.14,2.4,1.089,2.39,3.7
26.5,0.435,5.1,96.4,28.6,411,14,36.74,21.12,0,60,0.3,2.3,1.09,2.27,3.6
23.6,0.361,4.61,96.7,25.6,411,14,36.74,21.12,0,40,0.29,1.6,1.106,1.58,3.6
20.2,0.404,4.2,96.9,21.9,411,14,36.74,21.12,0,36,0.3,1.9,1.12,1.75,3.3
21.7,0.388,4.56,97.9,24.1,307,16.48,36.73,20.04,0,59,0.25,1.8,1.142,2.1,3.7
24,0.324,5.33,97.8,27.8,307,16.48,36.73,20.04,0,77,0.22,1.6,1.132,2.1,4.2
28.9,0.25,6.18,97.5,34.4,307,16.48,36.73,20.04,0,72,0.2,1.7,1.113,2.2,4.1
32,0.256,6.68,97.2,38.5,307,16.48,36.73,20.04,0,90,0.16,1.7,1.094,2.4,4.3
32.2,0.384,6.72,97,37.3,307,16.48,36.73,20.04,0,100,0.09,1.3,1.078,1.7,5.2
29.2,0.637,5.62,96.7,32.4,307,16.48,36.73,20.04,0,162,0.08,1.3,1.083,1.9,6.2
26.7,0.78,4.32,96.8,28.5,307,16.48,36.73,20.04,0,112,0.09,1.4,1.096,1.9,5.2
26.3,0.77,3.93,96.9,28,307,16.48,36.73,20.04,0,43,0.2,1.3,1.102,1.4,3.8
27.2,0.653,4.78,97.2,29.1,307,16.48,36.73,20.04,0,54,0.19,1.5,1.105,2,3.7
27.6,0.438,5.19,97.5,29.8,307,16.48,36.73,20.04,0,27,0.31,1.7,1.114,1.7,2.8
25.3,0.351,4.69,97.8,27.4,307,16.48,36.73,20.04,0,26,0.33,1.8,1.132,1.7,2.8
22.3,0.381,4.29,98,24,307,16.48,36.73,20.04,0,52,0.25,1.5,1.141,1.5,4
22.4,0.4,4.73,97.5,25.1,345,16.83,36.91,19.21,0,27,0.26,1.4,1.108,1.7,2.9
24.9,0.33,5.48,97.3,29.1,345,16.83,36.91,19.21,0,34,0.25,1.4,1.105,1.7,3.2
29.6,0.25,6.33,97,35.4,345,16.83,36.91,19.21,0,39,0.22,1.7,1.079,1.8,3.3
32.5,0.244,6.64,96.8,38.4,345,16.83,36.91,19.21,0,90,0.18,1.6,1.072,2.2,4.7
32.5,0.372,6.71,96.5,37.4,345,16.83,36.91,19.21,0,148,0.14,1.2,1.073,1.7,6
28.9,0.637,5.42,96.3,32,345,16.83,36.91,19.21,0,125,0.13,1.5,1.086,2.2,5.3
26.5,0.769,4.24,96.4,28.3,345,16.83,36.91,19.21,0,87,0.13,1.5,1.093,2,4.6
26,0.762,3.88,96.5,27.6,345,16.83,36.91,19.21,0,40,0.14,1.4,1.095,1.5,3.6
26.8,0.668,4.68,96.8,28.7,345,16.83,36.91,19.21,0,35,0.16,1.5,1.095,1.6,3.4
27.2,0.47,5.21,97.1,29.4,345,16.83,36.91,19.21,0,14,0.27,1.9,1.085,1.5,2.1
25.1,0.385,4.76,97.4,27.3,345,16.83,36.91,19.21,0,13,0.32,1.5,1.093,1.4,2.1
22.5,0.397,4.46,97.6,24.4,345,16.83,36.91,19.21,0,16,0.29,1.4,1.103,1.5,2.3
22.8,0.384,4.69,97.9,25.5,304,17.17,36.61,19.41,0,28,0.26,2.3,1.146,1.1,3.3
25,0.319,5.45,97.8,29.2,304,17.17,36.61,19.41,0,54,0.22,2.2,1.129,1.65,3.9
29.5,0.251,6.33,97.5,35.3,304,17.17,36.61,19.41,0,34,0.23,1.7,1.104,1.14,3.6
32.1,0.266,6.72,97.3,38.5,304,17.17,36.61,19.41,0,70,0.2,1.6,1.079,1.64,4.5
31.7,0.41,6.78,97,36.9,304,17.17,36.61,19.41,0,96,0.16,1.4,1.064,2.1,4.9
28.5,0.667,5.38,96.8,31.6,304,17.17,36.61,19.41,0,104,0.14,1.4,1.071,2.32,4.8
26.3,0.794,4.13,96.9,27.9,304,17.17,36.61,19.41,0,74,0.15,1.2,1.089,1.8,4.5
25.8,0.785,3.83,97,27.4,304,17.17,36.61,19.41,0,109,0.13,1.3,1.096,2.06,5.1
26.7,0.684,4.71,97.3,28.6,304,17.17,36.61,19.41,0,46,0.19,1.7,1.097,1.87,3.4
27.6,0.463,5.23,97.5,29.8,304,17.17,36.61,19.41,0,16,0.31,2.1,1.104,1.17,2.6
25.7,0.372,4.77,97.8,27.9,304,17.17,36.61,19.41,0,7,0.39,2,1.125,1.11,1.7
23.1,0.384,4.42,98,25,304,17.17,36.61,19.41,0,26,0.25,2.4,1.143,1.17,3.2
24.6,0.45,5.25,97.3,26.6,349,18.96,32.78,13.17,0,24,0.12,1.6,1.04,1.4,3
25.6,0.442,5.96,97.2,28.9,349,18.96,32.78,13.17,0,33,0.12,1.6,1.033,1.58,3.4
27.4,0.461,6.66,97.1,31.9,349,18.96,32.78,13.17,0,62,0.15,1.6,1.024,1.9,4.2
27.7,0.543,7,96.9,32.9,349,18.96,32.78,13.17,0,101,0.14,1.6,1.02,2.08,5.1
27,0.67,6.76,96.8,31.6,349,18.96,32.78,13.17,0,130,0.13,1.8,1.019,2.6,5.2
25.4,0.831,4.51,96.6,27.1,349,18.96,32.78,13.17,0,196,0.14,1.6,1.031,2.81,6.1
24.5,0.87,3.89,96.7,25.3,349,18.96,32.78,13.17,0,250,0.09,1.5,1.035,2.98,6.8
24.1,0.871,4.18,96.8,24.8,349,18.96,32.78,13.17,0,115,0.12,1.5,1.037,2.23,5.3
24,0.841,4.98,96.9,25.1,349,18.96,32.78,13.17,0,106,0.13,1.6,1.038,2.3,5
25.4,0.675,5.3,97,26.3,349,18.96,32.78,13.17,0,70,0.14,2.3,1.034,2.26,4
25.8,0.485,5.22,97.2,26.8,349,18.96,32.78,13.17,0,24,0.14,1.7,1.037,1.47,3
24.6,0.448,4.93,97.4,25.7,349,18.96,32.78,13.17,0,35,0.14,1.5,1.041,1.45,3.6
24.3,0.41,5.17,95.6,27.5,499,17.96,34.74,17.55,0,24,0.26,1.7,1.094,1.43,2.9
26.2,0.355,5.78,95.5,30.7,499,17.96,34.74,17.55,0,35,0.22,1.5,1.084,1.39,3.4
29.1,0.337,6.44,95.4,34.7,499,17.96,34.74,17.55,0,44,0.2,1.5,1.068,1.52,3.8
29.9,0.392,6.54,95.2,36.6,499,17.96,34.74,17.55,0,47,0.2,1.4,1.054,1.56,3.9
28.4,0.55,6.44,95.1,33.9,499,17.96,34.74,17.55,0,59,0.2,1.4,1.053,1.56,4.3
25.2,0.784,4.46,94.9,27.8,499,17.96,34.74,17.55,0,104,0.22,1.4,1.064,1.92,5.2
24,0.837,3.75,95,25.6,499,17.96,34.74,17.55,0,162,0.29,1.3,1.071,2.1,6.1
23.7,0.834,3.82,95.1,25.3,499,17.96,34.74,17.55,0,80,0.27,1.5,1.075,1.83,4.6
24.2,0.77,4.64,95.2,26.7,499,17.96,34.74,17.55,0,65,0.26,2,1.075,2.1,3.9
25.9,0.584,4.97,95.4,28.3,499,17.96,34.74,17.55,0,44,0.27,1.5,1.075,1.56,3.7
25.5,0.439,4.98,95.6,27.8,499,17.96,34.74,17.55,0,24,0.25,1.4,1.087,1.16,3.1
23.8,0.42,4.83,95.7,26.1,499,17.96,34.74,17.55,0,25,0.24,1.3,1.095,1.12,3.3
23,0.428,5.03,95.9,26.1,479,17.26,37,20.02,0,37,0.22,1.8,1.118,1.4,2.9
25.7,0.347,5.62,95.8,30.2,479,17.26,37,20.02,0,46,0.24,1.6,1.106,0.81,3.2
30.2,0.266,6.33,95.5,36.1,479,17.26,37,20.02,0,52,0.2,1.5,1.09,1.43,3.5
32.9,0.255,6.58,95.3,39.7,479,17.26,37,20.02,0,62,0.16,1.7,1.076,1.47,3.7
32.3,0.369,6.52,95.1,37.5,479,17.26,37,20.02,0,185,0.13,1.4,1.071,1.97,5.7
28.1,0.636,5.18,95,31.3,479,17.26,37,20.02,0,222,0.1,1.4,1.085,1.21,6.2
25.8,0.748,4.45,95,27.7,479,17.26,37,20.02,0,209,0.09,1.3,1.094,1.46,6.2
25.4,0.744,4.23,95.2,27.1,479,17.26,37,20.02,0,205,0.1,1.4,1.099,1.27,6
26.1,0.67,4.81,95.3,28.4,479,17.26,37,20.02,0,124,0.14,1.5,1.1,1.83,4.9
26.6,0.522,5.17,95.6,29.1,479,17.26,37,20.02,0,43,0.15,1.8,1.1,0.9,3.1
24.7,0.432,4.93,95.9,27.3,479,17.26,37,20.02,0,36,0.16,1.8,1.111,1.33,3
22.5,0.422,4.7,96.1,25,479,17.26,37,20.02,0,25,0.27,1.8,1.117,0.67,2.4
22.8,0.384,4.69,97.9,25.5,304,17.17,36.61,19.41,0,45,0.2,2,1.114,1.88,3.4
25,0.319,5.45,97.8,29.2,304,17.17,36.61,19.41,0,67,0.15,2,1.102,2.2,3.9
29.5,0.251,6.33,97.5,35.3,304,17.17,36.61,19.41,0,138,0.14,2,1.085,2.76,5
32.1,0.266,6.72,97.3,38.5,304,17.17,36.61,19.41,0,154,0.09,1.5,1.07,2.31,5.8
31.7,0.41,6.78,97,36.9,304,17.17,36.61,19.41,0,422,0.03,1.3,1.067,2.54,8.6
28.5,0.667,5.38,96.8,31.6,304,17.17,36.61,19.41,0,570,0.03,1.1,1.075,2.12,9.8
26.3,0.794,4.13,96.9,27.9,304,17.17,36.61,19.41,0,643,0.06,1.3,1.087,3.04,9.8
25.8,0.785,3.83,97,27.4,304,17.17,36.61,19.41,0,394,0.06,1.2,1.092,1.95,8.5
26.7,0.684,4.71,97.3,28.6,304,17.17,36.61,19.41,0,311,0.08,1.5,1.092,3.09,7.2
27.6,0.463,5.23,97.5,29.8,304,17.17,36.61,19.41,0,31,0.26,2.7,1.087,1.93,2.8
25.7,0.372,4.77,97.8,27.9,304,17.17,36.61,19.41,0,24,0.28,2.8,1.1,1.86,2.5
23.1,0.384,4.42,98,25,304,17.17,36.61,19.41,0,29,0.24,1.9,1.112,1.59,3
22.8,0.384,4.69,97.9,25.5,304,17.17,36.61,19.41,0,40,0.23,1.5,1.144,1.41,3.6
25,0.319,5.45,97.8,29.2,304,17.17,36.61,19.41,0,49,0.21,1.6,1.132,1.71,3.8
29.5,0.251,6.33,97.5,35.3,304,17.17,36.61,19.41,0,85,0.22,1.6,1.115,2.05,4.5
32.1,0.266,6.72,97.3,38.5,304,17.17,36.61,19.41,0,205,0.2,1.4,1.099,2.36,6.4
31.7,0.41,6.78,97,36.9,304,17.17,36.61,19.41,0,228,0.19,1.2,1.097,2.06,6.9
28.5,0.667,5.38,96.8,31.6,304,17.17,36.61,19.41,0,248,0.21,1.3,1.105,2.16,7.1
26.3,0.794,4.13,96.9,27.9,304,17.17,36.61,19.41,0,217,0.21,1.2,1.117,1.83,6.8
25.8,0.785,3.83,97,27.4,304,17.17,36.61,19.41,0,155,0.17,1.5,1.112,1.9,6
26.7,0.684,4.71,97.3,28.6,304,17.17,36.61,19.41,0,92,0.23,1.5,1.12,1.94,4.8
27.6,0.463,5.23,97.5,29.8,304,17.17,36.61,19.41,0,50,0.25,1.7,1.117,1.8,3.7
25.7,0.372,4.77,97.8,27.9,304,17.17,36.61,19.41,0,15,0.28,1.7,1.13,1.17,2.5
23.1,0.384,4.42,98,25,304,17.17,36.61,19.41,0,23,0.23,1.6,1.143,1.31,2.9
24.6,0.45,5.25,97.3,26.6,349,18.96,32.78,13.17,0,53,-0.01,1.5,1.044,1.56,4.1
25.6,0.442,5.96,97.2,28.9,349,18.96,32.78,13.17,0,54,0.04,1.5,1.043,1.56,4.1
27.4,0.461,6.66,97.1,31.9,349,18.96,32.78,13.17,0,53,0.09,1.3,1.03,1.29,4.3
27.7,0.543,7,96.9,32.9,349,18.96,32.78,13.17,0,57,0.07,1.2,1.033,1.27,4.5
27,0.67,6.76,96.8,31.6,349,18.96,32.78,13.17,0,100,0.13,1.3,1.038,1.56,5.3
25.4,0.831,4.51,96.6,27.1,349,18.96,32.78,13.17,0,366,0.15,1.3,1.045,2.79,8
24.5,0.87,3.89,96.7,25.3,349,18.96,32.78,13.17,0,243,0.15,1.2,1.048,1.88,7.3
24.1,0.871,4.18,96.8,24.8,349,18.96,32.78,13.17,0,305,0.16,1.3,1.048,2.34,7.7
24,0.841,4.98,96.9,25.1,349,18.96,32.78,13.17,0,179,0.16,1.5,1.048,2.39,6.1
25.4,0.675,5.3,97,26.3,349,18.96,32.78,13.17,0,76,0.01,1.7,1.042,2.07,4.4
25.8,0.485,5.22,97.2,26.8,349,18.96,32.78,13.17,0,111,0.11,1.8,1.044,2.42,4.9
24.6,0.448,4.93,97.4,25.7,349,18.96,32.78,13.17,0,89,0.01,1.8,1.05,2.19,4.5
22.8,0.384,4.69,97.9,25.5,304,17.17,36.61,19.41,0,29,0.33,2.2,1.153,1.88,2.5
25,0.319,5.45,97.8,29.2,304,17.17,36.61,19.41,0,47,0.26,1.9,1.146,2.15,3.2
29.5,0.251,6.33,97.5,35.3,304,17.17,36.61,19.41,0,70,0.23,2,1.131,2.46,3.7
32.1,0.266,6.72,97.3,38.5,304,17.17,36.61,19.41,0,152,0.13,1.7,1.12,2.77,5.2
31.7,0.41,6.78,97,36.9,304,17.17,36.61,19.41,0,250,0.07,1.3,1.113,2.41,6.9
28.5,0.667,5.38,96.8,31.6,304,17.17,36.61,19.41,0,330,0.06,1.4,1.115,2.82,7.5
26.3,0.794,4.13,96.9,27.9,304,17.17,36.61,19.41,0,191,0.09,1.5,1.122,2.1,6.1
25.8,0.785,3.83,97,27.4,304,17.17,36.61,19.41,0,135,0.1,1.7,1.129,2.2,5
26.7,0.684,4.71,97.3,28.6,304,17.17,36.61,19.41,0,77,0.15,1.7,1.166,2.28,4.1
27.6,0.463,5.23,97.5,29.8,304,17.17,36.61,19.41,0,23,0.24,1.8,1.132,1.65,2.6
25.7,0.372,4.77,97.8,27.9,304,17.17,36.61,19.41,0,10,0.33,2.2,1.144,1.25,1.9
23.1,0.384,4.42,98,25,304,17.17,36.61,19.41,0,13,0.28,2.1,1.155,1.3,2.2
14.1,0.618,4.3,94,14.2,661,9.43,28.61,12.77,0,50,0.24,2.5,1.019,2.31,3.2
17,0.545,4.88,93.8,17.6,661,9.43,28.61,12.77,0,294,0.18,1.9,1.01,3.73,6.6
20.8,0.531,5.3,93.6,21.8,661,9.43,28.61,12.77,0,255,0.19,3,0.995,4.26,5.4
22.9,0.638,5.37,93.5,24.1,661,9.43,28.61,12.77,0,103,0.19,2.6,0.985,2.96,4.3
24,0.732,4.86,93.2,25.2,661,9.43,28.61,12.77,0,72,0.18,2.5,0.983,2.55,3.9
24.8,0.813,4.52,93,25.6,661,9.43,28.61,12.77,0,45,0.14,2,0.978,1.96,3.6
24.7,0.842,4.42,93,25.2,661,9.43,28.61,12.77,0,63,0.16,1.7,0.977,2.06,4.2
24.7,0.836,4.36,93.1,25.1,661,9.43,28.61,12.77,0,30,0.15,2.3,0.978,1.89,3
23.8,0.831,4.1,93.4,23.9,661,9.43,28.61,12.77,0,90,0.18,2.3,0.981,2.85,4.2
21.7,0.78,4.21,93.7,21.4,661,9.43,28.61,12.77,0,12,0.29,2.4,0.99,1.53,2
18.1,0.721,4.33,94,17.5,661,9.43,28.61,12.77,0,15,0.2,2.3,1.003,1.6,2.5
14.8,0.685,4.14,94.1,14.4,661,9.43,28.61,12.77,0,22,0.23,2.1,1.014,1.76,2.6
16.3,0.383,3.93,99,18.3,226,10.57,36.48,21.4,0,32,0.26,1.4,1.191,1.3,3.3
18.7,0.327,4.53,98.8,21.5,226,10.57,36.48,21.4,0,43,0.24,1.6,1.174,1.6,3.4
24.7,0.256,5.34,98.4,28.8,226,10.57,36.48,21.4,0,69,0.2,1.8,1.146,2.1,3.9
29.1,0.282,6.18,98.1,34.1,226,10.57,36.48,21.4,0,64,0.21,1.4,1.119,1.8,4.2
31.6,0.366,6.65,97.7,36.1,226,10.57,36.48,21.4,0,156,0.18,1.3,1.102,2.1,5.9
31.1,0.547,6.46,97.3,34.6,226,10.57,36.48,21.4,0,221,0.22,1.4,1.098,2.4,6.6
29.6,0.674,5.61,97.3,32.6,226,10.57,36.48,21.4,0,61,0.23,1.5,1.106,1.8,4.1
28.7,0.697,5.22,97.6,31.3,226,10.57,36.48,21.4,0,47,0.31,1.4,1.114,1.5,3.8
28.8,0.564,5.27,98,32,226,10.57,36.48,21.4,0,37,0.29,1.2,1.12,1.3,3.6
27.3,0.347,4.67,98.4,30.5,226,10.57,36.48,21.4,0,11,0.4,1.5,1.132,1.1,2.2
22.7,0.294,4.06,98.8,24.9,226,10.57,36.48,21.4,0,24,0.36,1.4,1.16,1.3,3
18.2,0.35,3.6,99,19.9,226,10.57,36.48,21.4,0,20,0.37,1.4,1.185,1.2,2.8
16.2,0.364,3.91,99.5,18,187,10.13,36.91,21.43,0,21,0.33,1.8,1.174,1.32,2.7
18.6,0.31,4.59,99.2,21.1,187,10.13,36.91,21.43,0,30,0.29,2.2,1.158,1.64,2.8
24.4,0.251,5.33,98.9,28.2,187,10.13,36.91,21.43,0,36,0.33,1.7,1.13,1.58,3.3
28.8,0.285,6.21,98.5,33.4,187,10.13,36.91,21.43,0,65,0.26,2.1,1.117,2.17,3.8
31.5,0.371,6.67,98.1,35.9,187,10.13,36.91,21.43,0,136,0.36,1.5,1.099,2.27,5.5
31.3,0.533,6.62,97.8,35.1,187,10.13,36.91,21.43,0,266,0.21,1.8,1.107,3.18,6.5
30,0.656,5.81,97.8,33.1,187,10.13,36.91,21.43,0,147,0.17,2.1,1.114,2.81,5
29,0.682,5.47,98,31.8,187,10.13,36.91,21.43,0,75,0.22,1.9,1.12,2.14,4.2
29,0.549,5.36,98.4,32.4,187,10.13,36.91,21.43,0,39,0.28,1.7,1.121,1.6,3.5
27.5,0.332,4.66,98.9,30.5,187,10.13,36.91,21.43,0,41,0.4,2.3,1.119,1.89,3.2
22.7,0.281,3.95,99.3,24.7,187,10.13,36.91,21.43,0,16,0.36,2.3,1.143,1.4,2.3
18.1,0.329,3.56,99.5,19.6,187,10.13,36.91,21.43,0,19,0.32,2,1.166,1.41,2.5
16.2,0.364,3.91,99.5,18,187,10.13,36.91,21.43,0,44,0.4,1.5,1.197,1.73,3.4
18.6,0.31,4.59,99.2,21.1,187,10.13,36.91,21.43,0,48,0.32,1.5,1.178,1.58,3.8
24.4,0.251,5.33,98.9,28.2,187,10.13,36.91,21.43,0,51,0.24,1.8,1.15,1.95,3.5
28.8,0.285,6.21,98.5,33.4,187,10.13,36.91,21.43,0,98,0.2,1.5,1.126,1.96,4.9
31.5,0.371,6.67,98.1,35.9,187,10.13,36.91,21.43,0,210,0.14,1.2,1.129,1.94,6.7
31.3,0.533,6.62,97.8,35.1,187,10.13,36.91,21.43,0,214,0.15,1.4,1.103,2.54,6.4
30,0.656,5.81,97.8,33.1,187,10.13,36.91,21.43,0,256,0.1,1.4,1.111,2.75,6.7
29,0.682,5.47,98,31.8,187,10.13,36.91,21.43,0,100,0.18,1.5,1.119,2.16,4.8
29,0.549,5.36,98.4,32.4,187,10.13,36.91,21.43,0,57,0.23,1.4,1.125,1.64,4.1
27.5,0.332,4.66,98.9,30.5,187,10.13,36.91,21.43,0,39,0.32,1.6,1.136,1.83,3.2
22.7,0.281,3.95,99.3,24.7,187,10.13,36.91,21.43,0,13,0.26,1.8,1.165,1.04,2.4
18.1,0.329,3.56,99.5,19.6,187,10.13,36.91,21.43,0,23,0.55,1.5,1.191,1.26,2.8
25.3,0.703,4.66,99.7,26.6,129,22.13,30.7,7.39,0,27,0.31,1.4,1.169,1.7,2.8
26.2,0.662,5.5,99.7,28.7,129,22.13,30.7,7.39,0,30,0.33,1.6,1.16,1.8,2.8
27.2,0.669,6.18,99.5,30.6,129,22.13,30.7,7.39,0,26,0.27,1.2,1.149,1.8,2.6
27.1,0.789,5.69,99.4,29.8,129,22.13,30.7,7.39,0,18,0.37,1.8,1.139,1.5,2.4
27.2,0.796,5.69,99.2,28.9,129,22.13,30.7,7.39,0,63,0.24,1.6,1.134,2,4
27.2,0.746,5.18,99.2,28.5,129,22.13,30.7,7.39,0,121,0.23,1.4,1.137,2.3,5.1
27.1,0.722,4.98,99.3,28.4,129,22.13,30.7,7.39,0,98,0.22,1.4,1.141,2.1,4.8
27.1,0.72,5.15,99.3,28.5,129,22.13,30.7,7.39,0,133,0.2,1.3,1.143,1.9,5.6
26.8,0.748,5.32,99.4,28.4,129,22.13,30.7,7.39,0,55,0.26,1.8,1.146,2.1,3.6
26.2,0.792,4.6,99.5,27.6,129,22.13,30.7,7.39,0,24,0.35,1.7,1.155,1.6,2.7
25.6,0.788,4.12,99.6,26.6,129,22.13,30.7,7.39,0,25,0.4,1.4,1.164,1.5,2.9
25.3,0.747,4.18,99.7,26,129,22.13,30.7,7.39,0,33,0.26,1.3,1.17,1.5,3.3
26.1,0.672,4.84,99.7,27.2,131,22.91,29.74,5.65,0,6,0.26,2.6,1.162,1.1,1.6
26.8,0.654,5.58,99.6,28.7,131,22.91,29.74,5.65,0,7,0.35,2.4,1.156,1.1,1.7
27.3,0.695,6.14,99.5,30,131,22.91,29.74,5.65,0,12,0.31,3.2,1.148,1.4,1.9
26.8,0.812,5.52,99.4,29.2,131,22.91,29.74,5.65,0,138,0.25,2.5,1.141,3.1,4.6
26.9,0.822,5.31,99.3,28.2,131,22.91,29.74,5.65,0,312,0.22,1.4,1.134,2.9,7.3
26.3,0.809,4.46,99.3,27,131,22.91,29.74,5.65,0,390,0.21,1.1,1.137,1.7,8.5
25.9,0.798,4.53,99.4,26.6,131,22.91,29.74,5.65,0,420,0.21,1.2,1.141,2.2,8.5
25.9,0.792,4.87,99.4,26.8,131,22.91,29.74,5.65,0,442,0.2,1.1,1.141,2,8.8
26,0.798,5.13,99.5,27.1,131,22.91,29.74,5.65,0,405,0.2,1.1,1.142,1.2,8.7
25.8,0.815,4.42,99.5,27,131,22.91,29.74,5.65,0,139,0.24,1.8,1.15,2.6,5.2
25.9,0.782,3.97,99.6,26.9,131,22.91,29.74,5.65,0,6,0.29,3.1,1.158,1.1,1.5
26,0.72,4.23,99.7,26.7,131,22.91,29.74,5.65,0,11,0.22,2.6,1.162,1.3,1.9
26.1,0.672,4.84,99.7,27.2,131,22.91,29.74,5.65,0,187,0.14,2.4,1.174,3.22,5.1
26.8,0.654,5.58,99.6,28.7,131,22.91,29.74,5.65,0,174,0.14,3,1.17,3.36,4.6
27.3,0.695,6.14,99.5,30,131,22.91,29.74,5.65,0,169,0.19,2.4,1.163,3.14,4.9
26.8,0.812,5.52,99.4,29.2,131,22.91,29.74,5.65,0,135,0.12,2,1.158,2.66,4.9
26.9,0.822,5.31,99.3,28.2,131,22.91,29.74,5.65,0,248,0.14,1.5,1.159,2.63,6.6
26.3,0.809,4.46,99.3,27,131,22.91,29.74,5.65,0,281,0.14,1.3,1.165,2.28,7.2
25.9,0.798,4.53,99.4,26.6,131,22.91,29.74,5.65,0,329,0.13,1.2,1.168,2.14,7.7
25.9,0.792,4.87,99.4,26.8,131,22.91,29.74,5.65,0,357,0.13,1.2,1.169,2.17,7.9
26,0.798,5.13,99.5,27.1,131,22.91,29.74,5.65,0,207,0.12,1.6,1.168,2.69,6
25.8,0.815,4.42,99.5,27,131,22.91,29.74,5.65,0,130,0.25,1.8,1.169,2.53,4.9
25.9,0.782,3.97,99.6,26.9,131,22.91,29.74,5.65,0,33,0.14,1.7,1.17,1.48,3.2
26,0.72,4.23,99.7,26.7,131,22.91,29.74,5.65,0,70,0.14,1.7,1.173,1.85,4.1
26.1,0.672,4.84,99.7,27.2,131,22.91,29.74,5.65,0,44,0.27,2.3,1.164,1.82,3.1
26.8,0.654,5.58,99.6,28.7,131,22.91,29.74,5.65,0,27,0.33,2,1.157,2.31,3.2
27.3,0.695,6.14,99.5,30,131,22.91,29.74,5.65,0,16,0.36,2,1.152,1.99,2.8
26.8,0.812,5.52,99.4,29.2,131,22.91,29.74,5.65,0,59,0.38,1.5,1.153,1.74,2.4
26.9,0.822,5.31,99.3,28.2,131,22.91,29.74,5.65,0,60,0.38,1.3,1.159,2.39,4
26.3,0.809,4.46,99.3,27,131,22.91,29.74,5.65,0,72,0.38,1.2,1.162,1.68,4.3
25.9,0.798,4.53,99.4,26.6,131,22.91,29.74,5.65,0,62,0.36,1.2,1.162,1.64,4.6
25.9,0.792,4.87,99.4,26.8,131,22.91,29.74,5.65,0,54,0.35,1.4,1.161,1.44,4.4
26,0.798,5.13,99.5,27.1,131,22.91,29.74,5.65,0,12,0.51,2.4,1.162,1.75,4.1
25.8,0.815,4.42,99.5,27,131,22.91,29.74,5.65,0,29,0.31,2.8,1.164,1.61,2
25.9,0.782,3.97,99.6,26.9,131,22.91,29.74,5.65,0,40,0.24,1.7,1.167,2.12,2.6
26,0.72,4.23,99.7,26.7,131,22.91,29.74,5.65,0,42,0.34,1.8,1.161,1.87,3.4
23.7,0.585,5.46,95.9,25.4,471,18.09,31.3,12.43,0,7,0.01,2.8,1.145,1.15,1.6
25.5,0.551,5.94,95.8,28.1,471,18.09,31.3,12.43,0,9,0.02,2.4,1.138,1.22,1.9
27,0.567,6.39,95.7,30.5,471,18.09,31.3,12.43,0,10,0.12,2.6,1.132,1.28,1.9
25.9,0.738,5.93,95.6,28.5,471,18.09,31.3,12.43,0,26,0.17,3,1.127,1.82,2.5
25.3,0.792,5.35,95.5,27.1,471,18.09,31.3,12.43,0,163,0.19,2.3,1.124,3.05,5
24.1,0.842,3.87,95.5,24.9,471,18.09,31.3,12.43,0,391,0.18,1.2,1.129,2.28,8.3
23.6,0.84,3.71,95.5,24.2,471,18.09,31.3,12.43,0,530,0.17,1.2,1.132,2.24,9.3
23.6,0.829,4.08,95.6,24.5,471,18.09,31.3,12.43,0,326,0.19,1.7,1.131,3.6,6.9
23.9,0.799,4.83,95.6,25.5,471,18.09,31.3,12.43,0,212,0.19,2,1.131,3.31,5.7
23.9,0.794,4.54,95.7,24.9,471,18.09,31.3,12.43,0,21,0.21,3.7,1.136,1.75,2.1
23.6,0.715,4.65,95.8,24.3,471,18.09,31.3,12.43,0,7,0.13,3.3,1.139,1.16,1.5
23.4,0.635,4.99,95.9,24.4,471,18.09,31.3,12.43,0,6,0.13,2.9,1.144,1.11,1.5
25.5,0.707,4.64,100.4,26.8,73,23,31.57,5.37,0,35,0.28,1.2,1.181,1.28,3.5
26,0.688,5.64,100.3,28.4,73,23,31.57,5.37,0,45,0.3,1.1,1.176,1.15,4
27,0.691,6.38,100.2,30.1,73,23,31.57,5.37,0,39,0.18,1.2,1.167,1.21,3.7
27.4,0.778,5.97,100,30.1,73,23,31.57,5.37,0,33,0.21,1.4,1.159,1.55,3.2
28,0.775,5.77,99.8,29.8,73,23,31.57,5.37,0,44,0.24,1.6,1.154,1.78,3.5
28.5,0.703,5.41,99.8,29.6,73,23,31.57,5.37,0,94,0.23,1.2,1.154,1.8,4.9
28.4,0.681,5.16,99.8,29.6,73,23,31.57,5.37,0,56,0.21,1.3,1.156,1.67,4
28.4,0.685,5.32,99.9,29.5,73,23,31.57,5.37,0,68,0.2,1.3,1.158,1.65,4.3
27.9,0.727,5.49,100,29.4,73,23,31.57,5.37,0,55,0.27,1.8,1.16,2.13,3.5
26.9,0.78,4.51,100.1,28.4,73,23,31.57,5.37,0,23,0.37,1.4,1.166,1.51,2.7
26.4,0.766,3.93,100.2,27.4,73,23,31.57,5.37,0,25,0.41,1.4,1.174,1.35,3
25.9,0.728,4.1,100.4,26.5,73,23,31.57,5.37,0,34,0.41,1.2,1.18,1.39,3.4
22.4,0.613,5.36,94.2,25.1,633,16.78,32.61,14.71,0,16,0.22,2,1.051,1.35,2.5
25,0.512,6.06,94.1,29,633,16.78,32.61,14.71,0,13,0.19,1.8,1.041,1.2,2.4
27.5,0.462,6.56,93.9,32.6,633,16.78,32.61,14.71,0,12,0.19,2,1.034,1.25,2.3
27.2,0.611,6.38,93.8,31.5,633,16.78,32.61,14.71,0,26,0.17,2,1.03,1.6,2.9
26.7,0.663,6.03,93.6,30.1,633,16.78,32.61,14.71,0,120,0.11,1.7,1.034,2.5,5.1
24.9,0.728,4.84,93.6,27,633,16.78,32.61,14.71,0,210,0.11,1.3,1.04,2.05,6.8
24.3,0.733,4.5,93.7,26.3,633,16.78,32.61,14.71,0,373,0.12,1.1,1.044,1.53,8.7
24.5,0.715,4.47,93.7,26.9,633,16.78,32.61,14.71,0,194,0.13,1.4,1.043,2.46,6.4
25.1,0.678,5.03,93.8,28.2,633,16.78,32.61,14.71,0,162,0.16,1.6,1.043,2.67,5.8
24.1,0.709,4.63,93.9,26.1,633,16.78,32.61,14.71,0,19,0.32,1.9,1.042,1.42,2.7
22.8,0.693,4.5,94.1,24.3,633,16.78,32.61,14.71,0,52,0.3,2.2,1.045,2.09,3.6
21.9,0.665,4.74,94.2,23.8,633,16.78,32.61,14.71,0,23,0.25,1.7,1.051,1.42,3
26.1,0.672,4.84,99.7,27.2,131,22.91,29.74,5.65,0,3,0.14,2.8,1.138,0.88,1.2
26.8,0.654,5.58,99.6,28.7,131,22.91,29.74,5.65,0,19,0.14,3.4,1.133,1.73,2.2
27.3,0.695,6.14,99.5,30,131,22.91,29.74,5.65,0,30,0.25,4,1.124,2.04,2.4
26.8,0.812,5.52,99.4,29.2,131,22.91,29.74,5.65,0,97,0.19,2.8,1.118,2.84,4
26.9,0.822,5.31,99.3,28.2,131,22.91,29.74,5.65,0,150,0.15,1.5,1.111,2.33,5.7
26.3,0.809,4.46,99.3,27,131,22.91,29.74,5.65,0,177,0.16,1.6,1.114,2.65,5.8
25.9,0.798,4.53,99.4,26.6,131,22.91,29.74,5.65,0,313,0.14,1.2,1.118,1.97,7.8
25.9,0.792,4.87,99.4,26.8,131,22.91,29.74,5.65,0,269,0.14,1.2,1.118,2.1,7.3
26,0.798,5.13,99.5,27.1,131,22.91,29.74,5.65,0,312,0.13,1.1,1.118,1.71,7.9
25.8,0.815,4.42,99.5,27,131,22.91,29.74,5.65,0,74,0.17,4.5,1.126,2.96,3.1
25.9,0.782,3.97,99.6,26.9,131,22.91,29.74,5.65,0,23,0.26,4.2,1.135,1.88,2.1
26,0.72,4.23,99.7,26.7,131,22.91,29.74,5.65,0,2,0.14,2.7,1.138,0.83,1.2
25.5,0.727,5,100.7,26.4,48,22.91,30.57,5.53,0,73,0.27,1.2,1.182,1.57,4.5
26,0.699,5.98,100.6,27.8,48,22.91,30.57,5.53,0,56,0.17,1.3,1.177,1.57,4
27.1,0.693,6.69,100.5,29.6,48,22.91,30.57,5.53,0,42,0.2,1.4,1.167,1.57,3.6
27.4,0.787,6.31,100.3,29.6,48,22.91,30.57,5.53,0,39,0.14,1.8,1.158,1.75,3.2
27.7,0.796,5.97,100.1,29.1,48,22.91,30.57,5.53,0,137,0.18,1.6,1.154,2.63,5.1
27.8,0.745,5.61,100.1,28.6,48,22.91,30.57,5.53,0,53,0.24,1.8,1.155,2.22,3.4
27.6,0.726,5.49,100.2,28.4,48,22.91,30.57,5.53,0,72,0.2,1.7,1.157,2.27,3.9
27.6,0.728,5.62,100.2,28.4,48,22.91,30.57,5.53,0,87,0.11,1.8,1.158,2.28,4.3
27.2,0.762,5.67,100.3,28.3,48,22.91,30.57,5.53,0,113,0.17,1.5,1.16,2.31,4.9
26.7,0.795,4.82,100.4,27.9,48,22.91,30.57,5.53,0,45,0.19,1.4,1.167,1.62,3.6
26.3,0.786,4.22,100.5,27.2,48,22.91,30.57,5.53,0,49,0.28,1.5,1.173,1.67,3.7
26,0.751,4.38,100.7,26.3,48,22.91,30.57,5.53,0,42,0.34,1.2,1.18,1.28,3.7
21.6,0.544,4.52,101.4,23.3,11,18.52,30.22,7.75,0,18,0.26,1.5,1.206,1.2,2.6
23.8,0.601,5.17,101.2,25.8,11,18.52,30.22,7.75,0,21,0.29,1.8,1.188,1.5,2.5
26.3,0.653,5.89,100.9,28.6,11,18.52,30.22,7.75,0,38,0.19,1.5,1.166,1.6,3.4
27.4,0.747,6.17,100.6,29.2,11,18.52,30.22,7.75,0,163,0.16,1.4,1.152,2.4,5.7
28,0.805,5.91,100.3,29.6,11,18.52,30.22,7.75,0,151,0.16,1.6,1.145,2.6,5.4
28.4,0.846,4.35,99.9,29.5,11,18.52,30.22,7.75,0,84,0.15,1.6,1.146,2.1,4.4
28.1,0.861,4.07,99.9,28.8,11,18.52,30.22,7.75,0,113,0.17,1.9,1.151,2.3,4.8
27.9,0.863,4.03,100,28.7,11,18.52,30.22,7.75,0,57,0.21,1.5,1.153,1.8,3.9
27.5,0.845,4.14,100.4,28.6,11,18.52,30.22,7.75,0,65,0.2,1.7,1.157,2,4
26.6,0.78,4.57,100.9,27.8,11,18.52,30.22,7.75,0,31,0.18,1.8,1.167,1.6,2.9
24.7,0.65,4.41,101.2,25.7,11,18.52,30.22,7.75,0,14,0.23,1.5,1.185,1.1,2.4
22.7,0.543,4.36,101.4,23.9,11,18.52,30.22,7.75,0,24,0.24,1.4,1.204,1.3,2.9
21.4,0.548,4.48,101.1,23.2,35,18.22,30.57,8.31,0,11,0.29,2.1,1.205,0.92,1.8
23.6,0.606,5.15,100.9,25.8,35,18.22,30.57,8.31,0,26,0.21,2.5,1.193,0.88,2.4
26.4,0.638,5.89,100.6,28.8,35,18.22,30.57,8.31,0,116,0.11,2.1,1.173,0.96,4.4
27.6,0.731,6.28,100.3,29.5,35,18.22,30.57,8.31,0,147,0.1,1.4,1.161,0.75,5.6
28.1,0.8,6.12,100,29.7,35,18.22,30.57,8.31,0,152,0.12,1.4,1.154,0.5,5.7
28.5,0.841,4.55,99.6,29.6,35,18.22,30.57,8.31,0,176,0.1,1.7,1.15,0.58,5.5
28.1,0.857,4.14,99.6,29,35,18.22,30.57,8.31,0,85,0.1,1.7,1.154,0.64,4.4
27.8,0.859,4.05,99.7,28.8,35,18.22,30.57,8.31,0,74,0.13,1.8,1.156,0.48,4
27.5,0.841,4.19,100.1,28.6,35,18.22,30.57,8.31,0,96,0.15,2.9,1.159,0.38,3.7
26.5,0.77,4.58,100.6,27.7,35,18.22,30.57,8.31,0,7,0.31,1.9,1.169,0.54,1.7
24.8,0.619,4.38,100.9,25.8,35,18.22,30.57,8.31,0,28,0.37,2.6,1.187,0.96,2.2
22.4,0.529,4.27,101.2,23.7,35,18.22,30.57,8.31,0,7,0.38,1.8,1.203,0.89,1.5
